fid,Fecha,Class,Foto,Lon,Lat,type,villages
"1",2021/08/08,Vegetation,DCIM/cobertura_20210808093048755.jpg,-73.3365,-3.8655,cobertura,PENA NEGRA
"2",2021/08/08,Vegetation,DCIM/cobertura_20210808093302872.jpg,-73.3358,-3.8661,cobertura,PENA NEGRA
"3",2021/08/08,Vegetation,DCIM/cobertura_20210808093931649.jpg,-73.3365,-3.8649,cobertura,PENA NEGRA
"4",2021/08/08,Water bodies,DCIM/cobertura_20210808095521246.jpg,-73.3423,-3.866,cobertura,PENA NEGRA
"5",2021/08/08,Vegetation,DCIM/cobertura_20210808100032167.jpg,-73.3429,-3.8672,cobertura,PENA NEGRA
"6",2021/08/08,Vegetation,DCIM/cobertura_20210808100631336.jpg,-73.3422,-3.8686,cobertura,PENA NEGRA
"7",2021/08/08,Vegetation,DCIM/cobertura_20210808101102433.jpg,-73.3426,-3.8668,cobertura,PENA NEGRA
"8",2021/08/08,Vegetation,DCIM/JPEG_20210808143512640.jpg,-73.337,-3.8614,cobertura,PENA NEGRA
"9",2021/08/08,Road,DCIM/JPEG_20210808143717050.jpg,-73.3374,-3.8616,cobertura,PENA NEGRA
"10",2021/08/08,Vegetation,DCIM/JPEG_20210808144556113.jpg,-73.3377,-3.8617,cobertura,PENA NEGRA
"11",2021/08/08,Roofing material,DCIM/JPEG_20210808145215776.jpg,-73.3377,-3.8625,cobertura,PENA NEGRA
"12",2021/08/08,Vegetation,DCIM/JPEG_20210808145727354.jpg,-73.3372,-3.8621,cobertura,PENA NEGRA
"13",2021/08/08,Roofing material,DCIM/JPEG_20210808145847840.jpg,-73.3372,-3.8635,cobertura,PENA NEGRA
"14",2021/08/08,Vegetation,DCIM/JPEG_20210808150111679.jpg,-73.3369,-3.8622,cobertura,PENA NEGRA
"15",2021/08/08,Water bodies,DCIM/JPEG_20210808160834155.jpg,-73.3423,-3.8737,cobertura,SAN CIRILO
"16",2021/08/08,Vegetation,DCIM/JPEG_20210808161055289.jpg,-73.3429,-3.8734,cobertura,SAN CIRILO
"17",2021/08/08,Vegetation,DCIM/JPEG_20210808162654750.jpg,-73.3357,-3.8746,cobertura,PENA NEGRA
"18",2021/08/08,Vegetation,DCIM/JPEG_20210808164113200.jpg,-73.3359,-3.8687,cobertura,PENA NEGRA
"19",2021/08/08,Vegetation,DCIM/JPEG_20210808164214803.jpg,-73.3348,-3.8704,cobertura,PENA NEGRA
"20",2021/08/08,Road,DCIM/JPEG_20210808143310112.jpg,-73.3372,-3.8622,cobertura,PENA NEGRA
"21",2021/08/08,Vegetation,DCIM/JPEG_20210808160515994.jpg,-73.3423,-3.8731,cobertura,SAN CIRILO
"22",2021/08/08,Vegetation,DCIM/JPEG_20210808162654780.jpg,-73.336,-3.8749,cobertura,PENA NEGRA
"23",2021/08/07,Roofing material,DCIM/JPEG_20210807163906911.jpg,-73.3518,-3.8943,cobertura,VARILLAL
"24",2021/08/07,Roofing material,DCIM/JPEG_20210807165333941.jpg,-73.3512,-3.8948,cobertura,VARILLAL
"25",2021/08/07,Road,DCIM/JPEG_20210807165731734.jpg,-73.3514,-3.8956,cobertura,VARILLAL
"26",2021/08/07,Roofing material,DCIM/JPEG_20210807172149635.jpg,-73.3508,-3.8967,cobertura,VARILLAL
"27",2021/08/07,Vegetation,DCIM/JPEG_20210807172502529.jpg,-73.3503,-3.8958,cobertura,VARILLAL
"28",2021/08/07,Water bodies,DCIM/JPEG_20210807172744065.jpg,-73.3506,-3.8971,cobertura,VARILLAL
"29",2021/08/07,Vegetation,DCIM/JPEG_20210807173111583.jpg,-73.3513,-3.8956,cobertura,VARILLAL
"30",2021/08/07,Roofing material,DCIM/JPEG_20210807173315058.jpg,-73.3519,-3.8956,cobertura,VARILLAL
"31",2021/08/07,Vegetation,DCIM/JPEG_20210807173437621.jpg,-73.3518,-3.8962,cobertura,VARILLAL
"32",2021/08/07,Road,DCIM/JPEG_20210807173757882.jpg,-73.3526,-3.8979,cobertura,VARILLAL
"33",2021/08/07,Roofing material,DCIM/JPEG_20210807195918536.jpg,-73.3543,-3.8985,cobertura,VARILLAL
"34",2021/08/07,Water bodies,DCIM/JPEG_20210807200507523.jpg,-73.3548,-3.8986,cobertura,VARILLAL
"35",2021/08/07,Roofing material,DCIM/JPEG_20210807201242424.jpg,-73.3547,-3.8998,cobertura,VARILLAL
"36",2021/08/07,Vegetation,DCIM/JPEG_20210807201714035.jpg,-73.3549,-3.8985,cobertura,VARILLAL
"37",2021/08/07,Vegetation,DCIM/JPEG_20210807203906910.jpg,-73.3526,-3.9079,cobertura,VARILLAL
"38",2021/08/07,Road,DCIM/JPEG_20210807204515271.jpg,-73.3558,-3.9034,cobertura,VARILLAL
"39",2021/08/07,Vegetation,DCIM/JPEG_20210807204554010.jpg,-73.3568,-3.9025,cobertura,VARILLAL
"40",2021/08/07,Vegetation,DCIM/JPEG_20210807204640276.jpg,-73.3581,-3.9009,cobertura,VARILLAL
"41",2021/08/07,Vegetation,DCIM/JPEG_20210807204935980.jpg,-73.3514,-3.9024,cobertura,VARILLAL
"42",2021/08/10,Vegetation,DCIM/JPEG_20210810203922829.jpg,-73.3515,-3.8992,cobertura,VARILLAL
"43",2021/08/10,Vegetation,DCIM/JPEG_20210810204804237.jpg,-73.3505,-3.8985,cobertura,VARILLAL
"44",2021/08/10,Vegetation,DCIM/JPEG_20210810205222556.jpg,-73.3533,-3.8957,cobertura,VARILLAL
"45",2021/08/10,Road,DCIM/JPEG_20210810201512793.jpg,-73.3542,-3.8967,cobertura,VARILLAL
"46",2021/08/10,Vegetation,DCIM/JPEG_20210810210827453.jpg,-73.3523,-3.8983,cobertura,VARILLAL
"47",2021/08/10,Water bodies,DCIM/JPEG_20210810211317911.jpg,-73.3528,-3.8997,cobertura,VARILLAL
"48",2021/08/10,Vegetation,DCIM/JPEG_20210810211838862.jpg,-73.3534,-3.9003,cobertura,VARILLAL
"49",2021/08/10,Vegetation,DCIM/JPEG_20210810211956923.jpg,-73.3538,-3.9004,cobertura,VARILLAL
"50",2021/08/10,Vegetation,DCIM/JPEG_20210810212140226.jpg,-73.3544,-3.9005,cobertura,VARILLAL
"51",2021/08/10,Vegetation,DCIM/JPEG_20210810213045971.jpg,-73.3548,-3.898,cobertura,VARILLAL
"52",2021/08/10,Vegetation,DCIM/JPEG_20210810213224058.jpg,-73.3548,-3.8971,cobertura,VARILLAL
"53",2021/08/10,Vegetation,DCIM/JPEG_20210810213454407.jpg,-73.3542,-3.8975,cobertura,VARILLAL
"54",2021/08/11,Road,DCIM/JPEG_20210811142720988.jpg,-73.3935,-3.9343,cobertura,SAN JOSE
"55",2021/08/11,Vegetation,DCIM/JPEG_20210811142929170.jpg,-73.3929,-3.9336,cobertura,SAN JOSE
"56",2021/08/11,Vegetation,DCIM/JPEG_20210811144155852.jpg,-73.3911,-3.9355,cobertura,SAN JOSE
"57",2021/08/11,Water bodies,DCIM/JPEG_20210811144512608.jpg,-73.3918,-3.9364,cobertura,SAN JOSE
"58",2021/08/11,Vegetation,DCIM/JPEG_20210811144608330.jpg,-73.3927,-3.9357,cobertura,SAN JOSE
"59",2021/08/11,Road,DCIM/JPEG_20210811144655301.jpg,-73.3931,-3.9369,cobertura,SAN JOSE
"60",2021/08/11,Vegetation,DCIM/JPEG_20210811145009682.jpg,-73.3898,-3.9349,cobertura,SAN JOSE
"61",2021/08/11,Roofing material,DCIM/JPEG_20210811185739858.jpg,-73.3428,-3.8402,cobertura,LOS DELFINES
"62",2021/08/11,Water bodies,DCIM/JPEG_20210811190639827.jpg,-73.3419,-3.8408,cobertura,LOS DELFINES
"63",2021/08/11,Vegetation,DCIM/JPEG_20210811191143284.jpg,-73.3408,-3.8394,cobertura,LOS DELFINES
"64",2021/08/11,Road,DCIM/JPEG_20210811191605771.jpg,-73.3398,-3.84,cobertura,LOS DELFINES
"65",2021/08/11,Road,DCIM/JPEG_20210811192202652.jpg,-73.3412,-3.8416,cobertura,LOS DELFINES
"66",2021/08/11,Road,DCIM/JPEG_20210811192233228.jpg,-73.3405,-3.8416,cobertura,LOS DELFINES
"67",2021/08/11,Vegetation,DCIM/JPEG_20210811192428599.jpg,-73.3398,-3.8416,cobertura,LOS DELFINES
"68",2021/08/11,Road,DCIM/JPEG_20210811192758249.jpg,-73.3391,-3.8424,cobertura,LOS DELFINES
"69",2021/08/11,Roofing material,DCIM/JPEG_20210811192902438.jpg,-73.3386,-3.841,cobertura,LOS DELFINES
"70",2021/08/11,Roofing material,DCIM/JPEG_20210811143156690.jpg,-73.3929,-3.9314,cobertura,SAN JOSE
"71",2021/08/11,Vegetation,DCIM/JPEG_20210811144257536.jpg,-73.395,-3.9323,cobertura,SAN JOSE
"72",2021/08/11,Vegetation,DCIM/JPEG_20210811144527645.jpg,-73.3949,-3.9329,cobertura,SAN JOSE
"73",2021/08/11,Road,DCIM/JPEG_20210811185800370.jpg,-73.3422,-3.8395,cobertura,LOS DELFINES
"74",2021/08/11,Roofing material,DCIM/JPEG_20210811190353382.jpg,-73.3438,-3.8403,cobertura,LOS DELFINES
"75",2021/08/11,Vegetation,DCIM/JPEG_20210811190724947.jpg,-73.3437,-3.8404,cobertura,LOS DELFINES
"76",2021/08/11,Roofing material,DCIM/JPEG_20210811191431340.jpg,-73.3437,-3.8409,cobertura,LOS DELFINES
"77",2021/08/11,Vegetation,DCIM/JPEG_20210811191720127.jpg,-73.3428,-3.842,cobertura,LOS DELFINES
"78",2021/08/11,Water bodies,DCIM/JPEG_20210811192151773.jpg,-73.3422,-3.8412,cobertura,LOS DELFINES
"79",2021/08/11,Road,DCIM/JPEG_20210811192424252.jpg,-73.3418,-3.8422,cobertura,LOS DELFINES
"80",2021/08/11,Vegetation,DCIM/JPEG_20210811192541984.jpg,-73.3425,-3.8427,cobertura,LOS DELFINES
"81",2021/08/11,Vegetation,DCIM/JPEG_20210811192857479.jpg,-73.3419,-3.843,cobertura,LOS DELFINES
"82",2021/08/11,Road,DCIM/JPEG_20210811193217595.jpg,-73.3411,-3.8441,cobertura,LOS DELFINES
"83",2021/08/11,Roofing material,DCIM/JPEG_20210811193511964.jpg,-73.3405,-3.8447,cobertura,LOS DELFINES
"84",2021/08/11,Road,DCIM/JPEG_20210811193627987.jpg,-73.3406,-3.8452,cobertura,LOS DELFINES
"85",2021/08/11,Roofing material,DCIM/JPEG_20210811142826471.jpg,-73.3916,-3.9314,cobertura,SAN JOSE
"86",2021/08/11,Roofing material,DCIM/JPEG_20210811143254172.jpg,-73.3932,-3.9307,cobertura,SAN JOSE
"87",2021/08/11,Roofing material,DCIM/JPEG_20210811143846532.jpg,-73.3945,-3.9293,cobertura,SAN JOSE
"88",2021/08/11,Vegetation,DCIM/JPEG_20210811144323962.jpg,-73.3939,-3.9285,cobertura,SAN JOSE
"89",2021/08/11,Vegetation,DCIM/JPEG_20210811150452710.jpg,-73.3904,-3.9321,cobertura,SAN JOSE
"90",2021/08/11,Roofing material,DCIM/JPEG_20210811190335397.jpg,-73.3443,-3.838,cobertura,LOS DELFINES
"91",2021/08/11,Road,DCIM/JPEG_20210811190554159.jpg,-73.3435,-3.8377,cobertura,LOS DELFINES
"92",2021/08/11,Vegetation,DCIM/JPEG_20210811191641424.jpg,-73.3419,-3.8397,cobertura,LOS DELFINES
"93",2021/08/11,Roofing material,DCIM/JPEG_20210811192214237.jpg,-73.3426,-3.8402,cobertura,LOS DELFINES
"94",2021/08/11,Vegetation,DCIM/JPEG_20210811193105203.jpg,-73.3429,-3.8419,cobertura,LOS DELFINES
"95",2021/08/11,Road,DCIM/JPEG_20210811193627184.jpg,-73.3441,-3.8404,cobertura,LOS DELFINES
"96",2021/08/12,Roofing material,DCIM/JPEG_20210812140645219.jpg,-73.3381,-3.8639,cobertura,PENA NEGRA
"97",2021/08/12,Road,DCIM/JPEG_20210812140747541.jpg,-73.3385,-3.8638,cobertura,PENA NEGRA
"98",2021/08/12,Vegetation,DCIM/JPEG_20210812140846706.jpg,-73.3397,-3.8634,cobertura,PENA NEGRA
"99",2021/08/12,Roofing material,DCIM/JPEG_20210812141501374.jpg,-73.3393,-3.8648,cobertura,PENA NEGRA
"100",2021/08/12,Road,DCIM/JPEG_20210812141554923.jpg,-73.3394,-3.8646,cobertura,PENA NEGRA
"101",2021/08/12,Water bodies,DCIM/JPEG_20210812194911076.jpg,-73.3298,-3.8239,cobertura,QUISTOCOCHA
"102",2021/08/12,Vegetation,DCIM/JPEG_20210812195607996.jpg,-73.3289,-3.8229,cobertura,QUISTOCOCHA
"103",2021/08/12,Vegetation,DCIM/JPEG_20210812200331919.jpg,-73.3284,-3.8221,cobertura,QUISTOCOCHA
"104",2021/08/12,Road,DCIM/JPEG_20210812202316658.jpg,-73.3276,-3.8221,cobertura,QUISTOCOCHA
"105",2021/08/12,Road,DCIM/JPEG_20210812141208653.jpg,-73.3379,-3.8628,cobertura,PENA NEGRA
"106",2021/08/12,Vegetation,DCIM/JPEG_20210812164911211.jpg,-73.338,-3.8636,cobertura,PENA NEGRA
"107",2021/08/12,Vegetation,DCIM/JPEG_20210812165410120.jpg,-73.3377,-3.8633,cobertura,PENA NEGRA
"108",2021/08/12,Road,DCIM/JPEG_20210812165908430.jpg,-73.3377,-3.8615,cobertura,PENA NEGRA
"109",2021/08/12,Roofing material,DCIM/JPEG_20210812165952558.jpg,-73.3374,-3.8615,cobertura,PENA NEGRA
"110",2021/08/12,Vegetation,DCIM/JPEG_20210812170236237.jpg,-73.3359,-3.8619,cobertura,PENA NEGRA
"111",2021/08/12,Road,DCIM/JPEG_20210812170305191.jpg,-73.337,-3.8622,cobertura,PENA NEGRA
"112",2021/08/12,Vegetation,DCIM/JPEG_20210812170503036.jpg,-73.3369,-3.8623,cobertura,PENA NEGRA
"113",2021/08/12,Roofing material,DCIM/JPEG_20210812170730288.jpg,-73.3364,-3.8635,cobertura,PENA NEGRA
"114",2021/08/12,Vegetation,DCIM/JPEG_20210812171556901.jpg,-73.338,-3.8663,cobertura,PENA NEGRA
"115",2021/08/12,Road,DCIM/JPEG_20210812172134438.jpg,-73.339,-3.8655,cobertura,PENA NEGRA
"116",2021/08/12,Road,DCIM/JPEG_20210812172255024.jpg,-73.3386,-3.8651,cobertura,PENA NEGRA
"117",2021/08/12,Roofing material,DCIM/JPEG_20210812172524317.jpg,-73.3386,-3.8644,cobertura,PENA NEGRA
"118",2021/08/12,Vegetation,DCIM/JPEG_20210812173138083.jpg,-73.3396,-3.8636,cobertura,PENA NEGRA
"119",2021/08/12,Roofing material,DCIM/JPEG_20210812194548344.jpg,-73.329,-3.8255,cobertura,QUISTOCOCHA
"120",2021/08/12,Road,DCIM/JPEG_20210812195027407.jpg,-73.3294,-3.8264,cobertura,QUISTOCOCHA
"121",2021/08/12,Roofing material,DCIM/JPEG_20210812195536077.jpg,-73.329,-3.827,cobertura,QUISTOCOCHA
"122",2021/08/12,Road,DCIM/JPEG_20210812200126296.jpg,-73.328,-3.8271,cobertura,QUISTOCOCHA
"123",2021/08/12,Road,DCIM/JPEG_20210812200936987.jpg,-73.3302,-3.8279,cobertura,QUISTOCOCHA
"124",2021/08/12,Vegetation,DCIM/JPEG_20210812201321631.jpg,-73.3312,-3.8276,cobertura,QUISTOCOCHA
"125",2021/08/12,Vegetation,DCIM/JPEG_20210812201644720.jpg,-73.3308,-3.8265,cobertura,QUISTOCOCHA
"126",2021/08/12,Roofing material,DCIM/JPEG_20210812202423069.jpg,-73.3293,-3.8251,cobertura,QUISTOCOCHA
"127",2021/08/12,Road,DCIM/JPEG_20210812202905635.jpg,-73.3283,-3.825,cobertura,QUISTOCOCHA
"128",2021/08/13,Vegetation,DCIM/JPEG_20210813130540182.jpg,-73.3474,-3.8739,cobertura,SAN CIRILO
"129",2021/08/13,Vegetation,DCIM/JPEG_20210813130952177.jpg,-73.3465,-3.8727,cobertura,SAN CIRILO
"130",2021/08/13,Vegetation,DCIM/JPEG_20210813131215016.jpg,-73.3464,-3.8719,cobertura,SAN CIRILO
"131",2021/08/13,Vegetation,DCIM/JPEG_20210813132235080.jpg,-73.3473,-3.8701,cobertura,SAN CIRILO
"132",2021/08/13,Vegetation,DCIM/JPEG_20210813132453259.jpg,-73.3479,-3.8696,cobertura,SAN CIRILO
"133",2021/08/13,Vegetation,DCIM/JPEG_20210813132803233.jpg,-73.348,-3.87,cobertura,SAN CIRILO
"134",2021/08/13,Vegetation,DCIM/JPEG_20210813133200041.jpg,-73.3479,-3.8713,cobertura,SAN CIRILO
"135",2021/08/13,Vegetation,DCIM/JPEG_20210813133827423.jpg,-73.3482,-3.8723,cobertura,SAN CIRILO
"136",2021/08/13,Road,DCIM/JPEG_20210813134434890.jpg,-73.3484,-3.873,cobertura,SAN CIRILO
"137",2021/08/13,Vegetation,DCIM/JPEG_20210813140013164.jpg,-73.347,-3.8775,cobertura,SAN CIRILO
"138",2021/08/13,Vegetation,DCIM/JPEG_20210813140418496.jpg,-73.347,-3.8765,cobertura,SAN CIRILO
"139",2021/08/13,Vegetation,DCIM/JPEG_20210813141023603.jpg,-73.3465,-3.8756,cobertura,SAN CIRILO
"140",2021/08/13,Vegetation,DCIM/JPEG_20210813142639439.jpg,-73.3499,-3.8697,cobertura,SAN CIRILO
"141",2021/08/13,Roofing material,DCIM/JPEG_20210813151939063.jpg,-73.3494,-3.8573,cobertura,UNION PROGRESO
"142",2021/08/13,Water bodies,DCIM/JPEG_20210813152344791.jpg,-73.3502,-3.8571,cobertura,UNION PROGRESO
"143",2021/08/13,Road,DCIM/JPEG_20210813152602185.jpg,-73.3503,-3.8557,cobertura,UNION PROGRESO
"144",2021/08/13,Road,DCIM/JPEG_20210813152826361.jpg,-73.3484,-3.8526,cobertura,UNION PROGRESO
"145",2021/08/13,Road,DCIM/JPEG_20210813154059134.jpg,-73.3547,-3.855,cobertura,UNION PROGRESO
"146",2021/08/13,Water bodies,DCIM/JPEG_20210813154229758.jpg,-73.3545,-3.8551,cobertura,UNION PROGRESO
"147",2021/08/13,Vegetation,DCIM/JPEG_20210813155333750.jpg,-73.3475,-3.8572,cobertura,UNION PROGRESO
"148",2021/08/13,Road,DCIM/JPEG_20210813175450747.jpg,-73.3316,-3.8276,cobertura,QUISTOCOCHA
"149",2021/08/13,Vegetation,DCIM/JPEG_20210813175915674.jpg,-73.3309,-3.8251,cobertura,QUISTOCOCHA
"150",2021/08/13,Roofing material,DCIM/JPEG_20210813180224396.jpg,-73.3299,-3.8258,cobertura,QUISTOCOCHA
"151",2021/08/13,Road,DCIM/JPEG_20210813181319095.jpg,-73.3302,-3.8283,cobertura,QUISTOCOCHA
"152",2021/08/13,Vegetation,DCIM/JPEG_20210813181625326.jpg,-73.3313,-3.8283,cobertura,QUISTOCOCHA
"153",2021/08/13,Road,DCIM/JPEG_20210813182448666.jpg,-73.3291,-3.8274,cobertura,QUISTOCOCHA
"154",2021/08/13,Vegetation,DCIM/JPEG_20210813183033643.jpg,-73.3314,-3.8269,cobertura,QUISTOCOCHA
"155",2021/08/13,Vegetation,DCIM/JPEG_20210813183324854.jpg,-73.3311,-3.8263,cobertura,QUISTOCOCHA
"156",2021/08/13,Vegetation,DCIM/JPEG_20210813184110267.jpg,-73.3321,-3.8249,cobertura,QUISTOCOCHA
"157",2021/08/13,Road,DCIM/JPEG_20210813184217439.jpg,-73.3331,-3.8246,cobertura,QUISTOCOCHA
"158",2021/08/13,Vegetation,DCIM/JPEG_20210813184327092.jpg,-73.334,-3.8242,cobertura,QUISTOCOCHA
"159",2021/08/13,Vegetation,DCIM/JPEG_20210813184640540.jpg,-73.3335,-3.8259,cobertura,QUISTOCOCHA
"160",2021/08/13,Vegetation,DCIM/JPEG_20210813195231578.jpg,-73.3484,-3.8535,cobertura,UNION PROGRESO
"161",2021/08/13,Vegetation,DCIM/JPEG_20210813195533013.jpg,-73.3477,-3.8544,cobertura,UNION PROGRESO
"162",2021/08/13,Road,DCIM/JPEG_20210813195753480.jpg,-73.3479,-3.8545,cobertura,UNION PROGRESO
"163",2021/08/13,Roofing material,DCIM/JPEG_20210813200257655.jpg,-73.3492,-3.8558,cobertura,UNION PROGRESO
"164",2021/08/13,Vegetation,DCIM/JPEG_20210813200438774.jpg,-73.3499,-3.8529,cobertura,UNION PROGRESO
"165",2021/08/13,Vegetation,DCIM/JPEG_20210813201358722.jpg,-73.3509,-3.8535,cobertura,UNION PROGRESO
"166",2021/08/13,Vegetation,DCIM/JPEG_20210813202258571.jpg,-73.3537,-3.8582,cobertura,UNION PROGRESO
"167",2021/08/13,Vegetation,DCIM/JPEG_20210813203051319.jpg,-73.3513,-3.859,cobertura,UNION PROGRESO
"168",2021/08/13,Road,DCIM/JPEG_20210813203129597.jpg,-73.3511,-3.858,cobertura,UNION PROGRESO
"169",2021/08/13,Vegetation,DCIM/JPEG_20210813203320405.jpg,-73.349,-3.8587,cobertura,UNION PROGRESO
"170",2021/08/13,Roofing material,DCIM/JPEG_20210813203458415.jpg,-73.3498,-3.8579,cobertura,UNION PROGRESO
"171",2021/08/13,Road,DCIM/JPEG_20210813203844846.jpg,-73.3469,-3.8585,cobertura,UNION PROGRESO
"172",2021/08/08,Containers,DCIM/JPEG_20210808142925746.jpg,-73.3376,-3.8621,criadero,PENA NEGRA
"173",2021/08/08,Vegetation,DCIM/JPEG_20210808142936263.jpg,-73.3361,-3.8637,criadero,PENA NEGRA
"174",2021/08/08,Containers,DCIM/JPEG_20210808143042261.jpg,-73.3372,-3.8638,criadero,PENA NEGRA
"175",2021/08/08,Containers,DCIM/JPEG_20210808143951764.jpg,-73.3368,-3.8633,criadero,PENA NEGRA
"176",2021/08/08,Vegetation,DCIM/JPEG_20210808145259009.jpg,-73.3366,-3.8638,criadero,PENA NEGRA
"177",2021/08/07,Containers,DCIM/JPEG_20210807164506941.jpg,-73.3518,-3.895,criadero,VARILLAL
"178",2021/08/07,Vegetation,DCIM/JPEG_20210807165109800.jpg,-73.3512,-3.8948,criadero,VARILLAL
"179",2021/08/07,Containers,DCIM/JPEG_20210807165550414.jpg,-73.3514,-3.8939,criadero,VARILLAL
"180",2021/08/07,Vegetation,DCIM/JPEG_20210807170414475.jpg,-73.352,-3.8944,criadero,VARILLAL
"181",2021/08/07,Containers,DCIM/JPEG_20210807171149769.jpg,-73.3517,-3.8956,criadero,VARILLAL
"182",2021/08/07,Containers,DCIM/JPEG_20210807171346393.jpg,-73.3515,-3.8954,criadero,VARILLAL
"183",2021/08/07,Containers,DCIM/JPEG_20210807171534618.jpg,-73.3516,-3.8954,criadero,VARILLAL
"184",2021/08/07,Vegetation,DCIM/JPEG_20210807172035714.jpg,-73.3508,-3.8956,criadero,VARILLAL
"185",2021/08/07,Containers,DCIM/JPEG_20210807200217266.jpg,-73.3545,-3.8984,criadero,VARILLAL
"186",2021/08/07,Containers,DCIM/JPEG_20210807200936828.jpg,-73.3547,-3.8995,criadero,VARILLAL
"187",2021/08/10,Vegetation,DCIM/JPEG_20210810202908795.jpg,-73.3527,-3.8986,criadero,VARILLAL
"188",2021/08/10,Vegetation,DCIM/JPEG_20210810205511642.jpg,-73.3536,-3.895,criadero,VARILLAL
"189",2021/08/10,Vegetation,DCIM/JPEG_20210810210124476.jpg,-73.3532,-3.8959,criadero,VARILLAL
"190",2021/08/10,Vegetation,DCIM/JPEG_20210810210322931.jpg,-73.3532,-3.8966,criadero,VARILLAL
"191",2021/08/10,Vegetation,DCIM/JPEG_20210810211146054.jpg,-73.3527,-3.8992,criadero,VARILLAL
"192",2021/08/11,Containers,DCIM/JPEG_20210811143138108.jpg,-73.3929,-3.9336,criadero,SAN JOSE
"193",2021/08/11,Containers,DCIM/JPEG_20210811144042772.jpg,-73.391,-3.9347,criadero,SAN JOSE
"194",2021/08/11,Containers,DCIM/JPEG_20210811191047078.jpg,-73.3407,-3.8405,criadero,LOS DELFINES
"195",2021/08/11,Containers,DCIM/JPEG_20210811191530951.jpg,-73.34,-3.8402,criadero,LOS DELFINES
"196",2021/08/11,Containers,DCIM/JPEG_20210811193216744.jpg,-73.3401,-3.844,criadero,LOS DELFINES
"197",2021/08/11,Containers,DCIM/JPEG_20210811142618241.jpg,-73.3943,-3.935,criadero,SAN JOSE
"198",2021/08/11,Containers,DCIM/JPEG_20210811145725077.jpg,-73.3917,-3.933,criadero,SAN JOSE
"199",2021/08/11,Containers,DCIM/JPEG_20210811145955819.jpg,-73.3918,-3.9323,criadero,SAN JOSE
"200",2021/08/11,Containers,DCIM/JPEG_20210811191216486.jpg,-73.3433,-3.8408,criadero,LOS DELFINES
"201",2021/08/11,Containers,DCIM/JPEG_20210811192702107.jpg,-73.3418,-3.8426,criadero,LOS DELFINES
"202",2021/08/11,Containers,DCIM/JPEG_20210811193311612.jpg,-73.3407,-3.8442,criadero,LOS DELFINES
"203",2021/08/11,Containers,DCIM/JPEG_20210811194005889.jpg,-73.3405,-3.8441,criadero,LOS DELFINES
"204",2021/08/11,Containers,DCIM/JPEG_20210811150013967.jpg,-73.3912,-3.9319,criadero,SAN JOSE
"205",2021/08/11,Containers,DCIM/JPEG_20210811185632124.jpg,-73.3434,-3.8393,criadero,LOS DELFINES
"206",2021/08/11,Containers,DCIM/JPEG_20210811191731533.jpg,-73.3419,-3.8397,criadero,LOS DELFINES
"207",2021/08/11,Containers,DCIM/JPEG_20210811192033671.jpg,-73.3421,-3.8401,criadero,LOS DELFINES
"208",2021/08/11,Containers,DCIM/JPEG_20210811193323491.jpg,-73.3433,-3.8415,criadero,LOS DELFINES
"209",2021/08/11,Vegetation,DCIM/JPEG_20210811193931241.jpg,-73.3435,-3.8404,criadero,LOS DELFINES
"210",2021/08/13,Containers,DCIM/JPEG_20210813130119215.jpg,-73.3474,-3.8751,criadero,SAN CIRILO
"211",2021/08/13,Containers,DCIM/JPEG_20210813132157234.jpg,-73.3475,-3.8701,criadero,SAN CIRILO
"212",2021/08/13,Containers,DCIM/JPEG_20210813132533843.jpg,-73.3478,-3.8696,criadero,SAN CIRILO
"213",2021/08/13,Containers,DCIM/JPEG_20210813133425653.jpg,-73.348,-3.8718,criadero,SAN CIRILO
"214",2021/08/13,Containers,DCIM/JPEG_20210813133619471.jpg,-73.3481,-3.872,criadero,SAN CIRILO
"215",2021/08/13,Containers,DCIM/JPEG_20210813133922862.jpg,-73.3481,-3.8724,criadero,SAN CIRILO
"216",2021/08/13,Containers,DCIM/JPEG_20210813134306235.jpg,-73.3481,-3.8729,criadero,SAN CIRILO
"217",2021/08/13,Containers,DCIM/JPEG_20210813134844295.jpg,-73.3481,-3.8747,criadero,SAN CIRILO
"218",2021/08/13,Containers,DCIM/JPEG_20210813135028541.jpg,-73.348,-3.8752,criadero,SAN CIRILO
"219",2021/08/13,Containers,DCIM/JPEG_20210813135527434.jpg,-73.3479,-3.8758,criadero,SAN CIRILO
"220",2021/08/13,Containers,DCIM/JPEG_20210813135721419.jpg,-73.3475,-3.8765,criadero,SAN CIRILO
"221",2021/08/13,Containers,DCIM/JPEG_20210813135810709.jpg,-73.3475,-3.8767,criadero,SAN CIRILO
"222",2021/08/13,Containers,DCIM/JPEG_20210813140858980.jpg,-73.3473,-3.8756,criadero,SAN CIRILO
"223",2021/08/13,Containers,DCIM/JPEG_20210813141243435.jpg,-73.3468,-3.8752,criadero,SAN CIRILO
"224",2021/08/13,Containers,DCIM/JPEG_20210813142854259.jpg,-73.35,-3.869,criadero,SAN CIRILO
"225",2021/08/13,Containers,DCIM/JPEG_20210813153703109.jpg,-73.3508,-3.8561,criadero,UNION PROGRESO
"226",2021/08/13,Containers,DCIM/JPEG_20210813154946246.jpg,-73.3503,-3.8568,criadero,UNION PROGRESO
"227",2021/08/13,Containers,DCIM/JPEG_20210813182115267.jpg,-73.3299,-3.8282,criadero,QUISTOCOCHA
"228",2021/08/13,Containers,DCIM/JPEG_20210813183205895.jpg,-73.3311,-3.8267,criadero,QUISTOCOCHA
"229",2021/08/13,Containers,DCIM/JPEG_20210813194953098.jpg,-73.3498,-3.8549,criadero,UNION PROGRESO
"230",2021/08/13,Containers,DCIM/JPEG_20210813195419045.jpg,-73.3486,-3.8539,criadero,UNION PROGRESO
"231",2021/08/13,Containers,DCIM/JPEG_20210813201320915.jpg,-73.3502,-3.8534,criadero,UNION PROGRESO
"232",2021/10/26,Road,DCIM/JPEG_20211026142939496.jpg,-73.3424,-3.8396,cobertura,LOS DELFINES
"233",2021/10/26,Vegetation,DCIM/JPEG_20211026143856241.jpg,-73.3432,-3.8371,cobertura,LOS DELFINES
"234",2021/10/26,Road,DCIM/JPEG_20211026145221255.jpg,-73.3438,-3.8398,cobertura,LOS DELFINES
"235",2021/10/26,Road,DCIM/JPEG_20211026145510441.jpg,-73.3443,-3.84,cobertura,LOS DELFINES
"236",2021/10/26,Road,DCIM/JPEG_20211026145825103.jpg,-73.3432,-3.8419,cobertura,LOS DELFINES
"237",2021/10/26,Vegetation,DCIM/JPEG_20211026150301417.jpg,-73.3424,-3.842,cobertura,LOS DELFINES
"238",2021/10/26,Road,DCIM/JPEG_20211026150601215.jpg,-73.3422,-3.8424,cobertura,LOS DELFINES
"239",2021/10/26,Vegetation,DCIM/JPEG_20211026162257041.jpg,-73.337,-3.8396,cobertura,LOS DELFINES
"240",2021/10/26,Road,DCIM/JPEG_20211026162427250.jpg,-73.3371,-3.8388,cobertura,LOS DELFINES
"241",2021/10/26,Vegetation,DCIM/JPEG_20211026163134040.jpg,-73.3372,-3.8415,cobertura,LOS DELFINES
"242",2021/10/26,Road,DCIM/JPEG_20211026163439981.jpg,-73.3361,-3.8403,cobertura,LOS DELFINES
"243",2021/10/26,Road,DCIM/JPEG_20211026163540048.jpg,-73.3368,-3.8404,cobertura,LOS DELFINES
"244",2021/10/23,Water bodies,DCIM/JPEG_20211023131548205.jpg,-73.3347,-3.8684,cobertura,PENA NEGRA
"245",2021/10/23,Road,DCIM/JPEG_20211023131729440.jpg,-73.3341,-3.8688,cobertura,PENA NEGRA
"246",2021/10/23,Vegetation,DCIM/JPEG_20211023131831258.jpg,-73.3341,-3.8685,cobertura,PENA NEGRA
"247",2021/10/23,Road,DCIM/JPEG_20211023132457758.jpg,-73.336,-3.8668,cobertura,PENA NEGRA
"248",2021/10/23,Road,DCIM/JPEG_20211023134328540.jpg,-73.3367,-3.8631,cobertura,PENA NEGRA
"249",2021/10/23,Vegetation,DCIM/JPEG_20211023141945948.jpg,-73.3403,-3.8655,cobertura,PENA NEGRA
"250",2021/10/23,Road,DCIM/JPEG_20211023143610971.jpg,-73.3386,-3.869,cobertura,PENA NEGRA
"251",2021/10/23,Vegetation,DCIM/JPEG_20211023144109596.jpg,-73.3387,-3.8682,cobertura,PENA NEGRA
"252",2021/10/23,Vegetation,DCIM/JPEG_20211023144314812.jpg,-73.3393,-3.8669,cobertura,PENA NEGRA
"253",2021/10/23,Vegetation,DCIM/JPEG_20211023144624570.jpg,-73.3382,-3.8656,cobertura,PENA NEGRA
"254",2021/10/23,Vegetation,DCIM/JPEG_20211023145009032.jpg,-73.3368,-3.8621,cobertura,PENA NEGRA
"255",2021/10/26,Road,DCIM/JPEG_20211026174853694.jpg,-73.3294,-3.8261,cobertura,QUISTOCOCHA
"256",2021/10/26,Road,DCIM/JPEG_20211026175418102.jpg,-73.3307,-3.8263,cobertura,QUISTOCOCHA
"257",2021/10/26,Vegetation,DCIM/JPEG_20211026175657274.jpg,-73.3315,-3.827,cobertura,QUISTOCOCHA
"258",2021/10/26,Road,DCIM/JPEG_20211026175729404.jpg,-73.3315,-3.828,cobertura,QUISTOCOCHA
"259",2021/10/26,Road,DCIM/JPEG_20211026180119501.jpg,-73.3306,-3.8276,cobertura,QUISTOCOCHA
"260",2021/10/26,Road,DCIM/JPEG_20211026180330248.jpg,-73.3311,-3.8283,cobertura,QUISTOCOCHA
"261",2021/10/26,Road,DCIM/JPEG_20211026180456416.jpg,-73.3315,-3.8287,cobertura,QUISTOCOCHA
"262",2021/10/26,Road,DCIM/JPEG_20211026181136063.jpg,-73.3318,-3.8294,cobertura,QUISTOCOCHA
"263",2021/10/26,Road,DCIM/JPEG_20211026181227373.jpg,-73.3312,-3.83,cobertura,QUISTOCOCHA
"264",2021/10/26,Road,DCIM/JPEG_20211026182222526.jpg,-73.3281,-3.8273,cobertura,QUISTOCOCHA
"265",2021/10/26,Vegetation,DCIM/JPEG_20211026190208662.jpg,-73.3269,-3.8322,cobertura,QUISTOCOCHA
"266",2021/10/26,Vegetation,DCIM/JPEG_20211026190230267.jpg,-73.3266,-3.8307,cobertura,QUISTOCOCHA
"267",2021/10/26,Vegetation,DCIM/JPEG_20211026190511280.jpg,-73.3281,-3.8323,cobertura,QUISTOCOCHA
"268",2021/10/24,Vegetation,DCIM/JPEG_20211024145005977.jpg,-73.3466,-3.8743,cobertura,SAN CIRILO
"269",2021/10/24,Vegetation,DCIM/JPEG_20211024145226612.jpg,-73.3471,-3.8736,cobertura,SAN CIRILO
"270",2021/10/24,Vegetation,DCIM/JPEG_20211024145854788.jpg,-73.3465,-3.8718,cobertura,SAN CIRILO
"271",2021/10/24,Vegetation,DCIM/JPEG_20211024150455469.jpg,-73.3466,-3.8709,cobertura,SAN CIRILO
"272",2021/10/24,Road,DCIM/JPEG_20211024150834118.jpg,-73.348,-3.87,cobertura,SAN CIRILO
"273",2021/10/24,Road,DCIM/JPEG_20211024151736326.jpg,-73.349,-3.8728,cobertura,SAN CIRILO
"274",2021/10/24,Vegetation,DCIM/JPEG_20211024152610118.jpg,-73.3511,-3.8726,cobertura,SAN CIRILO
"275",2021/10/24,Vegetation,DCIM/JPEG_20211024152710720.jpg,-73.3509,-3.872,cobertura,SAN CIRILO
"276",2021/10/24,Road,DCIM/JPEG_20211024153846353.jpg,-73.3484,-3.8743,cobertura,SAN CIRILO
"277",2021/10/21,Vegetation,DCIM/JPEG_20211021153340996.jpg,-73.3946,-3.9284,cobertura,SAN JOSE
"278",2021/10/21,Vegetation,DCIM/JPEG_20211021155341819.jpg,-73.3916,-3.9339,cobertura,SAN JOSE
"279",2021/10/21,Vegetation,DCIM/JPEG_20211021155918882.jpg,-73.3934,-3.9377,cobertura,SAN JOSE
"280",2021/10/21,Vegetation,DCIM/JPEG_20211021160023100.jpg,-73.392,-3.9357,cobertura,SAN JOSE
"281",2021/10/21,Vegetation,DCIM/JPEG_20211021162031267.jpg,-73.3891,-3.9328,cobertura,SAN JOSE
"282",2021/10/24,Road,DCIM/JPEG_20211024201157388.jpg,-73.3479,-3.8534,cobertura,UNION PROGRESO
"283",2021/10/24,Road,DCIM/JPEG_20211024201942060.jpg,-73.3496,-3.8527,cobertura,UNION PROGRESO
"284",2021/10/24,Road,DCIM/JPEG_20211024202440947.jpg,-73.3499,-3.853,cobertura,UNION PROGRESO
"285",2021/10/24,Road,DCIM/JPEG_20211024202610662.jpg,-73.3506,-3.8532,cobertura,UNION PROGRESO
"286",2021/10/24,Road,DCIM/JPEG_20211024203034806.jpg,-73.3517,-3.8547,cobertura,UNION PROGRESO
"287",2021/10/24,Road,DCIM/JPEG_20211024203202008.jpg,-73.352,-3.8552,cobertura,UNION PROGRESO
"288",2021/10/24,Road,DCIM/JPEG_20211024203823583.jpg,-73.3547,-3.8547,cobertura,UNION PROGRESO
"289",2021/10/24,Road,DCIM/JPEG_20211024203935398.jpg,-73.3543,-3.8564,cobertura,UNION PROGRESO
"290",2021/10/24,Road,DCIM/JPEG_20211024204551624.jpg,-73.3528,-3.8576,cobertura,UNION PROGRESO
"291",2021/10/24,Road,DCIM/JPEG_20211024205105902.jpg,-73.352,-3.858,cobertura,UNION PROGRESO
"292",2021/10/24,Water bodies,DCIM/JPEG_20211024205640348.jpg,-73.3503,-3.857,cobertura,UNION PROGRESO
"293",2021/10/22,Road,DCIM/JPEG_20211022130611366.jpg,-73.352,-3.8963,cobertura,VARILLAL
"294",2021/10/22,Road,DCIM/JPEG_20211022130857612.jpg,-73.352,-3.8971,cobertura,VARILLAL
"295",2021/10/22,Vegetation,DCIM/JPEG_20211022131051181.jpg,-73.352,-3.8964,cobertura,VARILLAL
"296",2021/10/22,Road,DCIM/JPEG_20211022131307101.jpg,-73.3518,-3.8955,cobertura,VARILLAL
"297",2021/10/22,Vegetation,DCIM/JPEG_20211022132623524.jpg,-73.3539,-3.8952,cobertura,VARILLAL
"298",2021/10/22,Road,DCIM/JPEG_20211022133723528.jpg,-73.3559,-3.8942,cobertura,VARILLAL
"299",2021/10/23,Road,DCIM/JPEG_20211023191824589.jpg,-73.3527,-3.8979,cobertura,VARILLAL
"300",2021/10/23,Road,DCIM/JPEG_20211023193700261.jpg,-73.3526,-3.8972,cobertura,VARILLAL
"301",2021/10/23,Vegetation,DCIM/JPEG_20211023194624871.jpg,-73.351,-3.9001,cobertura,VARILLAL
"302",2021/10/23,Vegetation,DCIM/JPEG_20211023195713426.jpg,-73.3538,-3.9031,cobertura,VARILLAL
"303",2021/10/26,Road,DCIM/JPEG_20211026143234858.jpg,-73.3408,-3.8422,cobertura,LOS DELFINES
"304",2021/10/26,Road,DCIM/JPEG_20211026143542425.jpg,-73.3406,-3.8421,cobertura,LOS DELFINES
"305",2021/10/26,Road,DCIM/JPEG_20211026143740229.jpg,-73.3404,-3.8419,cobertura,LOS DELFINES
"306",2021/10/26,Vegetation,DCIM/JPEG_20211026143935389.jpg,-73.34,-3.8415,cobertura,LOS DELFINES
"307",2021/10/26,Road,DCIM/JPEG_20211026144453752.jpg,-73.34,-3.8427,cobertura,LOS DELFINES
"308",2021/10/26,Road,DCIM/JPEG_20211026150846704.jpg,-73.3411,-3.8439,cobertura,LOS DELFINES
"309",2021/10/26,Road,DCIM/JPEG_20211026150957062.jpg,-73.3408,-3.8443,cobertura,LOS DELFINES
"310",2021/10/26,Road,DCIM/JPEG_20211026151125287.jpg,-73.3404,-3.8448,cobertura,LOS DELFINES
"311",2021/10/26,Road,DCIM/JPEG_20211026152502541.jpg,-73.3415,-3.8434,cobertura,LOS DELFINES
"312",2021/10/26,Vegetation,DCIM/JPEG_20211026152930215.jpg,-73.3421,-3.8426,cobertura,LOS DELFINES
"313",2021/10/26,Vegetation,DCIM/JPEG_20211026153056676.jpg,-73.3428,-3.8428,cobertura,LOS DELFINES
"314",2021/10/26,Road,DCIM/JPEG_20211026153239704.jpg,-73.3418,-3.842,cobertura,LOS DELFINES
"315",2021/10/26,Vegetation,DCIM/JPEG_20211026153906179.jpg,-73.3407,-3.8414,cobertura,LOS DELFINES
"316",2021/10/26,Vegetation,DCIM/JPEG_20211026154223789.jpg,-73.3403,-3.8411,cobertura,LOS DELFINES
"317",2021/10/26,Road,DCIM/JPEG_20211026154938442.jpg,-73.3409,-3.8432,cobertura,LOS DELFINES
"318",2021/10/26,Road,DCIM/JPEG_20211026155204257.jpg,-73.3397,-3.8447,cobertura,LOS DELFINES
"319",2021/10/26,Road,DCIM/JPEG_20211026160016174.jpg,-73.3374,-3.8423,cobertura,LOS DELFINES
"320",2021/10/26,Road,DCIM/JPEG_20211026160254898.jpg,-73.3376,-3.8413,cobertura,LOS DELFINES
"321",2021/10/26,Road,DCIM/JPEG_20211026160556703.jpg,-73.3369,-3.8431,cobertura,LOS DELFINES
"322",2021/10/26,Water bodies,DCIM/JPEG_20211026160836004.jpg,-73.3376,-3.8437,cobertura,LOS DELFINES
"323",2021/10/26,Road,DCIM/JPEG_20211026162029334.jpg,-73.3383,-3.8386,cobertura,LOS DELFINES
"324",2021/10/26,Road,DCIM/JPEG_20211026162202466.jpg,-73.3379,-3.8381,cobertura,LOS DELFINES
"325",2021/10/26,Road,DCIM/JPEG_20211026162906545.jpg,-73.339,-3.8382,cobertura,LOS DELFINES
"326",2021/10/26,Road,DCIM/JPEG_20211026163049556.jpg,-73.339,-3.8371,cobertura,LOS DELFINES
"327",2021/10/26,Road,DCIM/JPEG_20211026163249148.jpg,-73.3394,-3.8362,cobertura,LOS DELFINES
"328",2021/10/26,Vegetation,DCIM/JPEG_20211026163422197.jpg,-73.3392,-3.8354,cobertura,LOS DELFINES
"329",2021/10/26,Vegetation,DCIM/JPEG_20211026164011988.jpg,-73.339,-3.8366,cobertura,LOS DELFINES
"330",2021/10/23,Vegetation,DCIM/JPEG_20211023131515892.jpg,-73.3353,-3.8683,cobertura,PENA NEGRA
"331",2021/10/23,Road,DCIM/JPEG_20211023131837280.jpg,-73.3358,-3.8677,cobertura,PENA NEGRA
"332",2021/10/23,Road,DCIM/JPEG_20211023132823341.jpg,-73.3366,-3.8671,cobertura,PENA NEGRA
"333",2021/10/23,Road,DCIM/JPEG_20211023133625547.jpg,-73.3367,-3.8652,cobertura,PENA NEGRA
"334",2021/10/23,Road,DCIM/JPEG_20211023141745712.jpg,-73.3399,-3.8651,cobertura,PENA NEGRA
"335",2021/10/23,Road,DCIM/JPEG_20211023141957291.jpg,-73.3402,-3.8654,cobertura,PENA NEGRA
"336",2021/10/23,Vegetation,DCIM/JPEG_20211023143732885.jpg,-73.3387,-3.8688,cobertura,PENA NEGRA
"337",2021/10/23,Vegetation,DCIM/JPEG_20211023144137597.jpg,-73.3392,-3.8681,cobertura,PENA NEGRA
"338",2021/10/23,Road,DCIM/JPEG_20211023144511114.jpg,-73.3393,-3.8656,cobertura,PENA NEGRA
"339",2021/10/23,Road,DCIM/JPEG_20211023150056730.jpg,-73.3379,-3.8639,cobertura,PENA NEGRA
"340",2021/10/26,Vegetation,DCIM/JPEG_20211026174833531.jpg,-73.326,-3.8292,cobertura,QUISTOCOCHA
"341",2021/10/26,Road,DCIM/JPEG_20211026175222650.jpg,-73.3283,-3.8311,cobertura,QUISTOCOCHA
"342",2021/10/26,Road,DCIM/JPEG_20211026180517427.jpg,-73.33,-3.8324,cobertura,QUISTOCOCHA
"343",2021/10/26,Vegetation,DCIM/JPEG_20211026182815683.jpg,-73.3294,-3.8339,cobertura,QUISTOCOCHA
"344",2021/10/26,Road,DCIM/JPEG_20211026183428351.jpg,-73.3298,-3.8344,cobertura,QUISTOCOCHA
"345",2021/10/26,Road,DCIM/JPEG_20211026183756859.jpg,-73.3307,-3.8349,cobertura,QUISTOCOCHA
"346",2021/10/26,Road,DCIM/JPEG_20211026184600166.jpg,-73.3292,-3.8356,cobertura,QUISTOCOCHA
"347",2021/10/26,Water bodies,DCIM/JPEG_20211026185107919.jpg,-73.3308,-3.8357,cobertura,QUISTOCOCHA
"348",2021/10/26,Water bodies,DCIM/JPEG_20211026185928841.jpg,-73.3312,-3.8351,cobertura,QUISTOCOCHA
"349",2021/10/26,Water bodies,DCIM/JPEG_20211026190312263.jpg,-73.3316,-3.8349,cobertura,QUISTOCOCHA
"350",2021/10/26,Road,DCIM/JPEG_20211026190426798.jpg,-73.3321,-3.8348,cobertura,QUISTOCOCHA
"351",2021/10/26,Road,DCIM/JPEG_20211026190837175.jpg,-73.332,-3.8343,cobertura,QUISTOCOCHA
"352",2021/10/26,Vegetation,DCIM/JPEG_20211026191211710.jpg,-73.3333,-3.8341,cobertura,QUISTOCOCHA
"353",2021/10/26,Road,DCIM/JPEG_20211026191518204.jpg,-73.3323,-3.8335,cobertura,QUISTOCOCHA
"354",2021/10/26,Road,DCIM/JPEG_20211026191646061.jpg,-73.332,-3.8328,cobertura,QUISTOCOCHA
"355",2021/10/26,Road,DCIM/JPEG_20211026192001868.jpg,-73.3317,-3.8319,cobertura,QUISTOCOCHA
"356",2021/10/26,Vegetation,DCIM/JPEG_20211026192935769.jpg,-73.3313,-3.8321,cobertura,QUISTOCOCHA
"357",2021/10/26,Road,DCIM/JPEG_20211026193217229.jpg,-73.3313,-3.8326,cobertura,QUISTOCOCHA
"358",2021/10/26,Road,DCIM/JPEG_20211026193423604.jpg,-73.3306,-3.8322,cobertura,QUISTOCOCHA
"359",2021/10/26,Road,DCIM/JPEG_20211026193753245.jpg,-73.3309,-3.8331,cobertura,QUISTOCOCHA
"360",2021/10/26,Road,DCIM/JPEG_20211026194648886.jpg,-73.3314,-3.8342,cobertura,QUISTOCOCHA
"361",2021/10/24,Road,DCIM/JPEG_20211024145856784.jpg,-73.3466,-3.8753,cobertura,SAN CIRILO
"362",2021/10/24,Road,DCIM/JPEG_20211024150834612.jpg,-73.3462,-3.8764,cobertura,SAN CIRILO
"363",2021/10/24,Vegetation,DCIM/JPEG_20211024151807793.jpg,-73.3467,-3.8772,cobertura,SAN CIRILO
"364",2021/10/24,Road,DCIM/JPEG_20211024153445135.jpg,-73.3483,-3.8744,cobertura,SAN CIRILO
"365",2021/10/24,Road,DCIM/JPEG_20211024153644420.jpg,-73.3474,-3.8743,cobertura,SAN CIRILO
"366",2021/10/24,Vegetation,DCIM/JPEG_20211024153957333.jpg,-73.3466,-3.8736,cobertura,SAN CIRILO
"367",2021/10/24,Road,DCIM/JPEG_20211024154128993.jpg,-73.346,-3.8745,cobertura,SAN CIRILO
"368",2021/10/24,Vegetation,DCIM/JPEG_20211024154340339.jpg,-73.3461,-3.8757,cobertura,SAN CIRILO
"369",2021/10/24,Road,DCIM/JPEG_20211024154513956.jpg,-73.3466,-3.8748,cobertura,SAN CIRILO
"370",2021/10/21,Vegetation,DCIM/JPEG_20211021151322440.jpg,-73.3918,-3.9309,cobertura,SAN JOSE
"371",2021/10/21,Vegetation,DCIM/JPEG_20211021152049810.jpg,-73.3928,-3.93,cobertura,SAN JOSE
"372",2021/10/21,Road,DCIM/JPEG_20211021153405848.jpg,-73.3948,-3.9282,cobertura,SAN JOSE
"373",2021/10/21,Vegetation,DCIM/JPEG_20211021153956758.jpg,-73.3938,-3.9305,cobertura,SAN JOSE
"374",2021/10/21,Road,DCIM/JPEG_20211021155853902.jpg,-73.3919,-3.9337,cobertura,SAN JOSE
"375",2021/10/21,Vegetation,DCIM/JPEG_20211021164213678.jpg,-73.3903,-3.9321,cobertura,SAN JOSE
"376",2021/10/23,Vegetation,DCIM/JPEG_20211023182506375.jpg,-73.3931,-3.931,cobertura,SAN JOSE
"377",2021/10/23,Vegetation,DCIM/JPEG_20211023182650196.jpg,-73.3948,-3.9314,cobertura,SAN JOSE
"378",2021/10/23,Vegetation,DCIM/JPEG_20211023183204131.jpg,-73.3939,-3.9287,cobertura,SAN JOSE
"379",2021/10/23,Vegetation,DCIM/JPEG_20211023183325434.jpg,-73.3956,-3.9291,cobertura,SAN JOSE
"380",2021/10/23,Vegetation,DCIM/JPEG_20211023183807427.jpg,-73.3937,-3.9318,cobertura,SAN JOSE
"381",2021/10/23,Vegetation,DCIM/JPEG_20211023185521126.jpg,-73.3922,-3.9352,cobertura,SAN JOSE
"382",2021/10/23,Vegetation,DCIM/JPEG_20211023185829095.jpg,-73.3942,-3.9375,cobertura,SAN JOSE
"383",2021/10/23,Vegetation,DCIM/JPEG_20211023185924083.jpg,-73.393,-3.9374,cobertura,SAN JOSE
"384",2021/10/24,Road,DCIM/JPEG_20211024201613224.jpg,-73.3498,-3.857,cobertura,UNION PROGRESO
"385",2021/10/24,Vegetation,DCIM/JPEG_20211024201754376.jpg,-73.3492,-3.8566,cobertura,UNION PROGRESO
"386",2021/10/24,Road,DCIM/JPEG_20211024202012169.jpg,-73.3497,-3.8578,cobertura,UNION PROGRESO
"387",2021/10/24,Road,DCIM/JPEG_20211024202924867.jpg,-73.3502,-3.8582,cobertura,UNION PROGRESO
"388",2021/10/24,Water bodies,DCIM/JPEG_20211024205053504.jpg,-73.3483,-3.8563,cobertura,UNION PROGRESO
"389",2021/10/24,Water bodies,DCIM/JPEG_20211024205235727.jpg,-73.3486,-3.8564,cobertura,UNION PROGRESO
"390",2021/10/24,Road,DCIM/JPEG_20211024205521658.jpg,-73.3478,-3.8563,cobertura,UNION PROGRESO
"391",2021/10/24,Road,DCIM/JPEG_20211024205905835.jpg,-73.3474,-3.8558,cobertura,UNION PROGRESO
"392",2021/10/24,Road,DCIM/JPEG_20211024210155629.jpg,-73.3481,-3.856,cobertura,UNION PROGRESO
"393",2021/10/24,Water bodies,DCIM/JPEG_20211024210556394.jpg,-73.3474,-3.8566,cobertura,UNION PROGRESO
"394",2021/10/24,Vegetation,DCIM/JPEG_20211024211010144.jpg,-73.3469,-3.8568,cobertura,UNION PROGRESO
"395",2021/10/24,Road,DCIM/JPEG_20211024212843338.jpg,-73.3466,-3.8584,cobertura,UNION PROGRESO
"396",2021/10/24,Water bodies,DCIM/JPEG_20211024213554821.jpg,-73.35,-3.8567,cobertura,UNION PROGRESO
"397",2021/10/25,Road,DCIM/JPEG_20211025152637879.jpg,-73.3484,-3.8592,cobertura,UNION PROGRESO
"398",2021/10/22,Vegetation,DCIM/JPEG_20211022130601477.jpg,-73.354,-3.9004,cobertura,VARILLAL
"399",2021/10/22,Water bodies,DCIM/JPEG_20211022131401172.jpg,-73.3548,-3.8986,cobertura,VARILLAL
"400",2021/10/22,Road,DCIM/JPEG_20211022131638804.jpg,-73.3549,-3.8974,cobertura,VARILLAL
"401",2021/10/22,Roofing material,DCIM/JPEG_20211022131802375.jpg,-73.3548,-3.8975,cobertura,VARILLAL
"402",2021/10/22,Water bodies,DCIM/JPEG_20211022132052885.jpg,-73.354,-3.8971,cobertura,VARILLAL
"403",2021/10/22,Road,DCIM/JPEG_20211022132946368.jpg,-73.3541,-3.8957,cobertura,VARILLAL
"404",2021/10/22,Road,DCIM/JPEG_20211022134344799.jpg,-73.3562,-3.8952,cobertura,VARILLAL
"405",2021/10/23,Road,DCIM/JPEG_20211023191306905.jpg,-73.3517,-3.8958,cobertura,VARILLAL
"406",2021/10/23,Water bodies,DCIM/JPEG_20211023192251133.jpg,-73.3528,-3.8993,cobertura,VARILLAL
"407",2021/10/23,Vegetation,DCIM/JPEG_20211023192411749.jpg,-73.3525,-3.9001,cobertura,VARILLAL
"408",2021/10/23,Road,DCIM/JPEG_20211023193850549.jpg,-73.3517,-3.896,cobertura,VARILLAL
"409",2021/10/23,Vegetation,DCIM/JPEG_20211023194510887.jpg,-73.3511,-3.8995,cobertura,VARILLAL
"410",2021/10/23,Vegetation,DCIM/JPEG_20211023194834981.jpg,-73.3528,-3.9008,cobertura,VARILLAL
"411",2021/10/23,Vegetation,DCIM/JPEG_20211023194947405.jpg,-73.3537,-3.9015,cobertura,VARILLAL
"412",2021/10/23,Vegetation,DCIM/JPEG_20211023195222917.jpg,-73.3565,-3.9028,cobertura,VARILLAL
"413",2021/10/26,Vegetation,DCIM/JPEG_20211026142547777.jpg,-73.3419,-3.8401,criadero,LOS DELFINES
"414",2021/10/26,Containers,DCIM/JPEG_20211026142758755.jpg,-73.3419,-3.8396,criadero,LOS DELFINES
"415",2021/10/26,Containers,DCIM/JPEG_20211026145938492.jpg,-73.3432,-3.8415,criadero,LOS DELFINES
"416",2021/10/23,Containers,DCIM/JPEG_20211023134100687.jpg,-73.3372,-3.8637,criadero,PENA NEGRA
"417",2021/10/26,Vegetation,DCIM/JPEG_20211026181831807.jpg,-73.3296,-3.8284,criadero,QUISTOCOCHA
"418",2021/10/24,Containers,DCIM/JPEG_20211024144653329.jpg,-73.3474,-3.8752,criadero,SAN CIRILO
"419",2021/10/24,Containers,DCIM/JPEG_20211024145824681.jpg,-73.3467,-3.872,criadero,SAN CIRILO
"420",2021/10/24,Vegetation,DCIM/JPEG_20211024153422609.jpg,-73.3503,-3.8726,criadero,SAN CIRILO
"421",2021/10/21,Containers,DCIM/JPEG_20211021150306679.jpg,-73.3912,-3.9319,criadero,SAN JOSE
"422",2021/10/21,Vegetation,DCIM/JPEG_20211021152027096.jpg,-73.3927,-3.9302,criadero,SAN JOSE
"423",2021/10/21,Vegetation,DCIM/JPEG_20211021152620982.jpg,-73.3934,-3.9308,criadero,SAN JOSE
"424",2021/10/21,Vegetation,DCIM/JPEG_20211021154438876.jpg,-73.3927,-3.9323,criadero,SAN JOSE
"425",2021/10/21,Vegetation,DCIM/JPEG_20211021161642292.jpg,-73.3902,-3.9339,criadero,SAN JOSE
"426",2021/10/21,Containers,DCIM/JPEG_20211021163101758.jpg,-73.3919,-3.9327,criadero,SAN JOSE
"427",2021/10/21,Containers,DCIM/JPEG_20211021163841759.jpg,-73.3908,-3.9324,criadero,SAN JOSE
"428",2021/10/24,Vegetation,DCIM/JPEG_20211024200233360.jpg,-73.3497,-3.8557,criadero,UNION PROGRESO
"429",2021/10/24,Vegetation,DCIM/JPEG_20211024201108514.jpg,-73.3481,-3.8538,criadero,UNION PROGRESO
"430",2021/10/24,Vegetation,DCIM/JPEG_20211024201528777.jpg,-73.3487,-3.8535,criadero,UNION PROGRESO
"431",2021/10/24,Containers,DCIM/JPEG_20211024204436796.jpg,-73.3522,-3.8562,criadero,UNION PROGRESO
"432",2021/10/24,Containers,DCIM/JPEG_20211024204713312.jpg,-73.3519,-3.8564,criadero,UNION PROGRESO
"433",2021/10/22,Vegetation,DCIM/JPEG_20211022131625147.jpg,-73.3524,-3.8957,criadero,VARILLAL
"434",2021/10/26,Vegetation,DCIM/JPEG_20211026144212935.jpg,-73.3396,-3.842,criadero,LOS DELFINES
"435",2021/10/26,Vegetation,DCIM/JPEG_20211026144704696.jpg,-73.3402,-3.843,criadero,LOS DELFINES
"436",2021/10/26,Containers,DCIM/JPEG_20211026151311818.jpg,-73.3407,-3.845,criadero,LOS DELFINES
"437",2021/10/26,Containers,DCIM/JPEG_20211026151421623.jpg,-73.3409,-3.8451,criadero,LOS DELFINES
"438",2021/10/26,Containers,DCIM/JPEG_20211026151909860.jpg,-73.3415,-3.8443,criadero,LOS DELFINES
"439",2021/10/26,Containers,DCIM/JPEG_20211026154105393.jpg,-73.3404,-3.8409,criadero,LOS DELFINES
"440",2021/10/23,Vegetation,DCIM/JPEG_20211023132424061.jpg,-73.3366,-3.8671,criadero,PENA NEGRA
"441",2021/10/23,Containers,DCIM/JPEG_20211023140033601.jpg,-73.3394,-3.863,criadero,PENA NEGRA
"442",2021/10/23,Containers,DCIM/JPEG_20211023145533892.jpg,-73.337,-3.8607,criadero,PENA NEGRA
"443",2021/10/26,Containers,DCIM/JPEG_20211026180656710.jpg,-73.3297,-3.8324,criadero,QUISTOCOCHA
"444",2021/10/26,Containers,DCIM/JPEG_20211026184427803.jpg,-73.3296,-3.8354,criadero,QUISTOCOCHA
"445",2021/10/26,Containers,DCIM/JPEG_20211026192843054.jpg,-73.3312,-3.832,criadero,QUISTOCOCHA
"446",2021/10/26,Containers,DCIM/JPEG_20211026193647380.jpg,-73.3308,-3.8329,criadero,QUISTOCOCHA
"447",2021/10/24,Vegetation,DCIM/JPEG_20211024145559992.jpg,-73.3469,-3.8752,criadero,SAN CIRILO
"448",2021/10/24,Containers,DCIM/JPEG_20211024150020793.jpg,-73.3466,-3.8755,criadero,SAN CIRILO
"449",2021/10/24,Vegetation,DCIM/JPEG_20211024150427797.jpg,-73.3466,-3.8756,criadero,SAN CIRILO
"450",2021/10/24,Vegetation,DCIM/JPEG_20211024151221778.jpg,-73.3466,-3.8762,criadero,SAN CIRILO
"451",2021/10/24,Containers,DCIM/JPEG_20211024152705490.jpg,-73.3475,-3.8768,criadero,SAN CIRILO
"452",2021/10/24,Vegetation,DCIM/JPEG_20211024152921744.jpg,-73.3478,-3.8763,criadero,SAN CIRILO
"453",2021/10/24,Containers,DCIM/JPEG_20211024153046673.jpg,-73.3479,-3.8758,criadero,SAN CIRILO
"454",2021/10/24,Containers,DCIM/JPEG_20211024153159838.jpg,-73.348,-3.8756,criadero,SAN CIRILO
"455",2021/10/24,Containers,DCIM/JPEG_20211024153806857.jpg,-73.3471,-3.8743,criadero,SAN CIRILO
"456",2021/10/21,Vegetation,DCIM/JPEG_20211021150527922.jpg,-73.3912,-3.9319,criadero,SAN JOSE
"457",2021/10/21,Vegetation,DCIM/JPEG_20211021151816710.jpg,-73.3925,-3.9304,criadero,SAN JOSE
"458",2021/10/21,Containers,DCIM/JPEG_20211021160133384.jpg,-73.3911,-3.9346,criadero,SAN JOSE
"459",2021/10/21,Containers,DCIM/JPEG_20211021160409254.jpg,-73.391,-3.9346,criadero,SAN JOSE
"460",2021/10/21,Vegetation,DCIM/JPEG_20211021162314867.jpg,-73.3894,-3.9333,criadero,SAN JOSE
"461",2021/10/21,Containers,DCIM/JPEG_20211021163047335.jpg,-73.3905,-3.9327,criadero,SAN JOSE
"462",2021/10/21,Containers,DCIM/JPEG_20211021163353496.jpg,-73.3902,-3.9323,criadero,SAN JOSE
"463",2021/10/24,Vegetation,DCIM/JPEG_20211024202744720.jpg,-73.3499,-3.8584,criadero,UNION PROGRESO
"464",2021/10/24,Containers,DCIM/JPEG_20211024203513693.jpg,-73.3488,-3.8581,criadero,UNION PROGRESO
"465",2021/10/24,Containers,DCIM/JPEG_20211024204244683.jpg,-73.3484,-3.8577,criadero,UNION PROGRESO
"466",2021/10/24,Containers,DCIM/JPEG_20211024205732969.jpg,-73.3474,-3.8558,criadero,UNION PROGRESO
"467",2021/10/24,Containers,DCIM/JPEG_20211024210352066.jpg,-73.3475,-3.8564,criadero,UNION PROGRESO
"468",2021/10/22,Containers,DCIM/JPEG_20211022132334038.jpg,-73.3532,-3.8969,criadero,VARILLAL
"469",2021/10/22,Containers,DCIM/JPEG_20211022132553388.jpg,-73.3531,-3.8966,criadero,VARILLAL
"470",2021/12/10,Vegetation,DCIM/JPEG_20211210155809923.jpg,-73.39,-3.9317,cobertura,SAN JOSE
"471",2021/12/10,Vegetation,DCIM/JPEG_20211210155906999.jpg,-73.3903,-3.933,cobertura,SAN JOSE
"472",2021/12/10,Roofing material,DCIM/JPEG_20211210160336336.jpg,-73.3912,-3.933,cobertura,SAN JOSE
"473",2021/12/10,Vegetation,DCIM/JPEG_20211210160946277.jpg,-73.3928,-3.9338,cobertura,SAN JOSE
"474",2021/12/10,Vegetation,DCIM/JPEG_20211210161118075.jpg,-73.3932,-3.9328,cobertura,SAN JOSE
"475",2021/12/10,Vegetation,DCIM/JPEG_20211210161424339.jpg,-73.3919,-3.9343,cobertura,SAN JOSE
"476",2021/12/10,Vegetation,DCIM/JPEG_20211210161730694.jpg,-73.391,-3.9359,cobertura,SAN JOSE
"477",2021/12/10,Vegetation,DCIM/JPEG_20211210161836826.jpg,-73.3923,-3.9353,cobertura,SAN JOSE
"478",2021/12/10,Vegetation,DCIM/JPEG_20211210162508373.jpg,-73.39,-3.9348,cobertura,SAN JOSE
"479",2021/12/10,Vegetation,DCIM/JPEG_20211210163532568.jpg,-73.3893,-3.934,cobertura,SAN JOSE
"480",2021/12/10,Vegetation,DCIM/JPEG_20211210165341256.jpg,-73.3892,-3.9332,cobertura,SAN JOSE
"481",2021/12/10,Vegetation,DCIM/JPEG_20211210165435711.jpg,-73.3893,-3.9324,cobertura,SAN JOSE
"482",2021/12/10,Road,DCIM/JPEG_20211210195032575.jpg,-73.352,-3.8964,cobertura,VARILLAL
"483",2021/12/10,Vegetation,DCIM/JPEG_20211210195856384.jpg,-73.353,-3.895,cobertura,VARILLAL
"484",2021/12/10,Road,DCIM/JPEG_20211210195953644.jpg,-73.3524,-3.8952,cobertura,VARILLAL
"485",2021/12/10,Water bodies,DCIM/JPEG_20211210200415732.jpg,-73.3542,-3.8952,cobertura,VARILLAL
"486",2021/12/10,Road,DCIM/JPEG_20211210200831055.jpg,-73.3546,-3.894,cobertura,VARILLAL
"487",2021/12/10,Vegetation,DCIM/JPEG_20211210201106575.jpg,-73.3551,-3.8938,cobertura,VARILLAL
"488",2021/12/10,Road,DCIM/JPEG_20211210201232673.jpg,-73.3558,-3.8942,cobertura,VARILLAL
"489",2021/12/10,Road,DCIM/JPEG_20211210201449298.jpg,-73.356,-3.8947,cobertura,VARILLAL
"490",2021/12/10,Road,DCIM/JPEG_20211210201708563.jpg,-73.3563,-3.8953,cobertura,VARILLAL
"491",2021/12/10,Road,DCIM/JPEG_20211210202437735.jpg,-73.3542,-3.8957,cobertura,VARILLAL
"492",2021/12/10,Vegetation,DCIM/JPEG_20211210202624302.jpg,-73.3543,-3.8964,cobertura,VARILLAL
"493",2021/12/10,Vegetation,DCIM/JPEG_20211210202707158.jpg,-73.3548,-3.8961,cobertura,VARILLAL
"494",2021/12/10,Vegetation,DCIM/JPEG_20211210202823232.jpg,-73.3541,-3.8967,cobertura,VARILLAL
"495",2021/12/11,Road,DCIM/JPEG_20211211152555023.jpg,-73.3477,-3.8762,cobertura,SAN CIRILO
"496",2021/12/11,Vegetation,DCIM/JPEG_20211211153807449.jpg,-73.3472,-3.8736,cobertura,SAN CIRILO
"497",2021/12/11,Vegetation,DCIM/JPEG_20211211155847401.jpg,-73.35,-3.8734,cobertura,SAN CIRILO
"498",2021/12/11,Vegetation,DCIM/JPEG_20211211160359131.jpg,-73.3532,-3.8723,cobertura,SAN CIRILO
"499",2021/12/11,Vegetation,DCIM/JPEG_20211211160426332.jpg,-73.3526,-3.8713,cobertura,SAN CIRILO
"500",2021/12/11,Vegetation,DCIM/JPEG_20211211160511290.jpg,-73.3524,-3.8735,cobertura,SAN CIRILO
"501",2021/12/11,Road,DCIM/JPEG_20211211160716603.jpg,-73.3515,-3.8725,cobertura,SAN CIRILO
"502",2021/12/11,Vegetation,DCIM/JPEG_20211211161152058.jpg,-73.352,-3.8703,cobertura,SAN CIRILO
"503",2021/12/11,Road,DCIM/JPEG_20211211202541117.jpg,-73.338,-3.8616,cobertura,PENA NEGRA
"504",2021/12/11,Vegetation,DCIM/JPEG_20211211203349920.jpg,-73.3357,-3.8622,cobertura,PENA NEGRA
"505",2021/12/11,Vegetation,DCIM/JPEG_20211211203737340.jpg,-73.3364,-3.8627,cobertura,PENA NEGRA
"506",2021/12/12,Road,DCIM/JPEG_20211212141710327.jpg,-73.337,-3.865,cobertura,PENA NEGRA
"507",2021/12/12,Vegetation,DCIM/JPEG_20211212141748489.jpg,-73.3373,-3.865,cobertura,PENA NEGRA
"508",2021/12/12,Road,DCIM/JPEG_20211212142150348.jpg,-73.3366,-3.8655,cobertura,PENA NEGRA
"509",2021/12/12,Vegetation,DCIM/JPEG_20211212142304151.jpg,-73.3369,-3.8663,cobertura,PENA NEGRA
"510",2021/12/12,Vegetation,DCIM/JPEG_20211212142338045.jpg,-73.3359,-3.8655,cobertura,PENA NEGRA
"511",2021/12/12,Road,DCIM/JPEG_20211212142436057.jpg,-73.3359,-3.8655,cobertura,PENA NEGRA
"512",2021/12/12,Road,DCIM/JPEG_20211212142506217.jpg,-73.3365,-3.8663,cobertura,PENA NEGRA
"513",2021/12/12,Road,DCIM/JPEG_20211212153936534.jpg,-73.3482,-3.8546,cobertura,UNION PROGRESO
"514",2021/12/12,Road,DCIM/JPEG_20211212154007999.jpg,-73.348,-3.8547,cobertura,UNION PROGRESO
"515",2021/12/12,Road,DCIM/JPEG_20211212154202598.jpg,-73.3479,-3.8541,cobertura,UNION PROGRESO
"516",2021/12/12,Road,DCIM/JPEG_20211212154337954.jpg,-73.3477,-3.8534,cobertura,UNION PROGRESO
"517",2021/12/12,Road,DCIM/JPEG_20211212154748000.jpg,-73.3485,-3.8527,cobertura,UNION PROGRESO
"518",2021/12/12,Road,DCIM/JPEG_20211212155311934.jpg,-73.3495,-3.8527,cobertura,UNION PROGRESO
"519",2021/12/12,Water bodies,DCIM/JPEG_20211212155603599.jpg,-73.3493,-3.8534,cobertura,UNION PROGRESO
"520",2021/12/12,Road,DCIM/JPEG_20211212155752187.jpg,-73.3501,-3.853,cobertura,UNION PROGRESO
"521",2021/12/12,Road,DCIM/JPEG_20211212160006608.jpg,-73.3507,-3.8536,cobertura,UNION PROGRESO
"522",2021/12/12,Road,DCIM/JPEG_20211212160308344.jpg,-73.3517,-3.8546,cobertura,UNION PROGRESO
"523",2021/12/12,Road,DCIM/JPEG_20211212160515378.jpg,-73.3521,-3.8551,cobertura,UNION PROGRESO
"524",2021/12/12,Road,DCIM/JPEG_20211212161109831.jpg,-73.3545,-3.855,cobertura,UNION PROGRESO
"525",2021/12/12,Road,DCIM/JPEG_20211212170352854.jpg,-73.3407,-3.8406,cobertura,LOS DELFINES
"526",2021/12/12,Road,DCIM/JPEG_20211212171154067.jpg,-73.342,-3.8396,cobertura,LOS DELFINES
"527",2021/12/12,Road,DCIM/JPEG_20211212171612984.jpg,-73.3426,-3.8382,cobertura,LOS DELFINES
"528",2021/12/12,Road,DCIM/JPEG_20211212173247840.jpg,-73.3442,-3.8401,cobertura,LOS DELFINES
"529",2021/12/12,Road,DCIM/JPEG_20211212173539471.jpg,-73.343,-3.8424,cobertura,LOS DELFINES
"530",2021/12/12,Road,DCIM/JPEG_20211212200032548.jpg,-73.3309,-3.8282,cobertura,QUISTOCOCHA
"531",2021/12/12,Road,DCIM/JPEG_20211212200406836.jpg,-73.3313,-3.8274,cobertura,QUISTOCOCHA
"532",2021/12/12,Road,DCIM/JPEG_20211212200907792.jpg,-73.3294,-3.8263,cobertura,QUISTOCOCHA
"533",2021/12/12,Road,DCIM/JPEG_20211212201204313.jpg,-73.328,-3.8274,cobertura,QUISTOCOCHA
"534",2021/12/12,Road,DCIM/JPEG_20211212211629527.jpg,-73.3314,-3.8349,cobertura,QUISTOCOCHA
"535",2021/12/12,Vegetation,DCIM/JPEG_20211212213734818.jpg,-73.3308,-3.8329,cobertura,QUISTOCOCHA
"536",2021/12/10,Vegetation,DCIM/JPEG_20211210155809923.jpg,-73.39,-3.9317,cobertura,SAN JOSE
"537",2021/12/10,Vegetation,DCIM/JPEG_20211210155906999.jpg,-73.3903,-3.933,cobertura,SAN JOSE
"538",2021/12/10,Roofing material,DCIM/JPEG_20211210160336336.jpg,-73.3912,-3.933,cobertura,SAN JOSE
"539",2021/12/10,Vegetation,DCIM/JPEG_20211210160946277.jpg,-73.3928,-3.9338,cobertura,SAN JOSE
"540",2021/12/10,Vegetation,DCIM/JPEG_20211210161118075.jpg,-73.3932,-3.9328,cobertura,SAN JOSE
"541",2021/12/10,Vegetation,DCIM/JPEG_20211210161424339.jpg,-73.3919,-3.9343,cobertura,SAN JOSE
"542",2021/12/10,Vegetation,DCIM/JPEG_20211210161730694.jpg,-73.391,-3.9359,cobertura,SAN JOSE
"543",2021/12/10,Vegetation,DCIM/JPEG_20211210161836826.jpg,-73.3923,-3.9353,cobertura,SAN JOSE
"544",2021/12/10,Vegetation,DCIM/JPEG_20211210162508373.jpg,-73.39,-3.9348,cobertura,SAN JOSE
"545",2021/12/10,Vegetation,DCIM/JPEG_20211210163532568.jpg,-73.3893,-3.934,cobertura,SAN JOSE
"546",2021/12/10,Vegetation,DCIM/JPEG_20211210165341256.jpg,-73.3892,-3.9332,cobertura,SAN JOSE
"547",2021/12/10,Vegetation,DCIM/JPEG_20211210165435711.jpg,-73.3893,-3.9324,cobertura,SAN JOSE
"548",2021/12/10,Road,DCIM/JPEG_20211210195032575.jpg,-73.352,-3.8964,cobertura,VARILLAL
"549",2021/12/10,Vegetation,DCIM/JPEG_20211210195856384.jpg,-73.353,-3.895,cobertura,VARILLAL
"550",2021/12/10,Road,DCIM/JPEG_20211210195953644.jpg,-73.3524,-3.8952,cobertura,VARILLAL
"551",2021/12/10,Water bodies,DCIM/JPEG_20211210200415732.jpg,-73.3542,-3.8952,cobertura,VARILLAL
"552",2021/12/10,Road,DCIM/JPEG_20211210200831055.jpg,-73.3546,-3.894,cobertura,VARILLAL
"553",2021/12/10,Vegetation,DCIM/JPEG_20211210201106575.jpg,-73.3551,-3.8938,cobertura,VARILLAL
"554",2021/12/10,Road,DCIM/JPEG_20211210201232673.jpg,-73.3558,-3.8942,cobertura,VARILLAL
"555",2021/12/10,Road,DCIM/JPEG_20211210201449298.jpg,-73.356,-3.8947,cobertura,VARILLAL
"556",2021/12/10,Road,DCIM/JPEG_20211210201708563.jpg,-73.3563,-3.8953,cobertura,VARILLAL
"557",2021/12/10,Road,DCIM/JPEG_20211210202437735.jpg,-73.3542,-3.8957,cobertura,VARILLAL
"558",2021/12/10,Vegetation,DCIM/JPEG_20211210202624302.jpg,-73.3543,-3.8964,cobertura,VARILLAL
"559",2021/12/10,Vegetation,DCIM/JPEG_20211210202707158.jpg,-73.3548,-3.8961,cobertura,VARILLAL
"560",2021/12/10,Vegetation,DCIM/JPEG_20211210202823232.jpg,-73.3541,-3.8967,cobertura,VARILLAL
"561",2021/12/11,Road,DCIM/JPEG_20211211152555023.jpg,-73.3477,-3.8762,cobertura,SAN CIRILO
"562",2021/12/11,Vegetation,DCIM/JPEG_20211211153807449.jpg,-73.3472,-3.8736,cobertura,SAN CIRILO
"563",2021/12/11,Vegetation,DCIM/JPEG_20211211155847401.jpg,-73.35,-3.8734,cobertura,SAN CIRILO
"564",2021/12/11,Vegetation,DCIM/JPEG_20211211160359131.jpg,-73.3532,-3.8723,cobertura,SAN CIRILO
"565",2021/12/11,Vegetation,DCIM/JPEG_20211211160426332.jpg,-73.3526,-3.8713,cobertura,SAN CIRILO
"566",2021/12/11,Vegetation,DCIM/JPEG_20211211160511290.jpg,-73.3524,-3.8735,cobertura,SAN CIRILO
"567",2021/12/11,Road,DCIM/JPEG_20211211160716603.jpg,-73.3515,-3.8725,cobertura,SAN CIRILO
"568",2021/12/11,Vegetation,DCIM/JPEG_20211211161152058.jpg,-73.352,-3.8703,cobertura,SAN CIRILO
"569",2021/12/11,Road,DCIM/JPEG_20211211202541117.jpg,-73.338,-3.8616,cobertura,PENA NEGRA
"570",2021/12/11,Vegetation,DCIM/JPEG_20211211203349920.jpg,-73.3357,-3.8622,cobertura,PENA NEGRA
"571",2021/12/11,Vegetation,DCIM/JPEG_20211211203737340.jpg,-73.3364,-3.8627,cobertura,PENA NEGRA
"572",2021/12/12,Road,DCIM/JPEG_20211212141710327.jpg,-73.337,-3.865,cobertura,PENA NEGRA
"573",2021/12/12,Vegetation,DCIM/JPEG_20211212141748489.jpg,-73.3373,-3.865,cobertura,PENA NEGRA
"574",2021/12/12,Road,DCIM/JPEG_20211212142150348.jpg,-73.3366,-3.8655,cobertura,PENA NEGRA
"575",2021/12/12,Vegetation,DCIM/JPEG_20211212142304151.jpg,-73.3369,-3.8663,cobertura,PENA NEGRA
"576",2021/12/12,Vegetation,DCIM/JPEG_20211212142338045.jpg,-73.3359,-3.8655,cobertura,PENA NEGRA
"577",2021/12/12,Road,DCIM/JPEG_20211212142436057.jpg,-73.3359,-3.8655,cobertura,PENA NEGRA
"578",2021/12/12,Road,DCIM/JPEG_20211212142506217.jpg,-73.3365,-3.8663,cobertura,PENA NEGRA
"579",2021/12/12,Road,DCIM/JPEG_20211212153936534.jpg,-73.3482,-3.8546,cobertura,UNION PROGRESO
"580",2021/12/12,Road,DCIM/JPEG_20211212154007999.jpg,-73.348,-3.8547,cobertura,UNION PROGRESO
"581",2021/12/12,Road,DCIM/JPEG_20211212154202598.jpg,-73.3479,-3.8541,cobertura,UNION PROGRESO
"582",2021/12/12,Road,DCIM/JPEG_20211212154337954.jpg,-73.3477,-3.8534,cobertura,UNION PROGRESO
"583",2021/12/12,Road,DCIM/JPEG_20211212154748000.jpg,-73.3485,-3.8527,cobertura,UNION PROGRESO
"584",2021/12/12,Road,DCIM/JPEG_20211212155311934.jpg,-73.3495,-3.8527,cobertura,UNION PROGRESO
"585",2021/12/12,Water bodies,DCIM/JPEG_20211212155603599.jpg,-73.3493,-3.8534,cobertura,UNION PROGRESO
"586",2021/12/12,Road,DCIM/JPEG_20211212155752187.jpg,-73.3501,-3.853,cobertura,UNION PROGRESO
"587",2021/12/12,Road,DCIM/JPEG_20211212160006608.jpg,-73.3507,-3.8536,cobertura,UNION PROGRESO
"588",2021/12/12,Road,DCIM/JPEG_20211212160308344.jpg,-73.3517,-3.8546,cobertura,UNION PROGRESO
"589",2021/12/12,Road,DCIM/JPEG_20211212160515378.jpg,-73.3521,-3.8551,cobertura,UNION PROGRESO
"590",2021/12/12,Road,DCIM/JPEG_20211212161109831.jpg,-73.3545,-3.855,cobertura,UNION PROGRESO
"591",2021/12/12,Road,DCIM/JPEG_20211212170352854.jpg,-73.3407,-3.8406,cobertura,LOS DELFINES
"592",2021/12/12,Road,DCIM/JPEG_20211212171154067.jpg,-73.342,-3.8396,cobertura,LOS DELFINES
"593",2021/12/12,Road,DCIM/JPEG_20211212171612984.jpg,-73.3426,-3.8382,cobertura,LOS DELFINES
"594",2021/12/12,Road,DCIM/JPEG_20211212173247840.jpg,-73.3442,-3.8401,cobertura,LOS DELFINES
"595",2021/12/12,Road,DCIM/JPEG_20211212173539471.jpg,-73.343,-3.8424,cobertura,LOS DELFINES
"596",2021/12/12,Road,DCIM/JPEG_20211212200032548.jpg,-73.3309,-3.8282,cobertura,QUISTOCOCHA
"597",2021/12/12,Road,DCIM/JPEG_20211212200406836.jpg,-73.3313,-3.8274,cobertura,QUISTOCOCHA
"598",2021/12/12,Road,DCIM/JPEG_20211212200907792.jpg,-73.3294,-3.8263,cobertura,QUISTOCOCHA
"599",2021/12/12,Road,DCIM/JPEG_20211212201204313.jpg,-73.328,-3.8274,cobertura,QUISTOCOCHA
"600",2021/12/12,Road,DCIM/JPEG_20211212211629527.jpg,-73.3314,-3.8349,cobertura,QUISTOCOCHA
"601",2021/12/12,Vegetation,DCIM/JPEG_20211212213734818.jpg,-73.3308,-3.8329,cobertura,QUISTOCOCHA
"602",2021/12/10,Containers,DCIM/JPEG_20211210155513095.jpg,-73.3908,-3.9324,criadero,SAN JOSE
"603",2021/12/10,Containers,DCIM/JPEG_20211210160527651.jpg,-73.3917,-3.9336,criadero,SAN JOSE
"604",2021/12/10,Vegetation,DCIM/JPEG_20211210170127911.jpg,-73.391,-3.9329,criadero,SAN JOSE
"605",2021/12/10,Vegetation,DCIM/JPEG_20211210170614870.jpg,-73.3912,-3.9322,criadero,SAN JOSE
"606",2021/12/10,Vegetation,DCIM/JPEG_20211210170935801.jpg,-73.3921,-3.9324,criadero,SAN JOSE
"607",2021/12/10,Vegetation,DCIM/JPEG_20211210194501340.jpg,-73.3534,-3.897,criadero,VARILLAL
"608",2021/12/10,Vegetation,DCIM/JPEG_20211210194629773.jpg,-73.3532,-3.8967,criadero,VARILLAL
"609",2021/12/10,Vegetation,DCIM/JPEG_20211210194725361.jpg,-73.3531,-3.8966,criadero,VARILLAL
"610",2021/12/10,Vegetation,DCIM/JPEG_20211210195115165.jpg,-73.3523,-3.8965,criadero,VARILLAL
"611",2021/12/10,Vegetation,DCIM/JPEG_20211210195420748.jpg,-73.3527,-3.8957,criadero,VARILLAL
"612",2021/12/10,Vegetation,DCIM/JPEG_20211210200617438.jpg,-73.3546,-3.8947,criadero,VARILLAL
"613",2021/12/10,Vegetation,DCIM/JPEG_20211210201026409.jpg,-73.355,-3.8942,criadero,VARILLAL
"614",2021/12/10,Vegetation,DCIM/JPEG_20211210201407896.jpg,-73.3555,-3.8946,criadero,VARILLAL
"615",2021/12/10,Containers,DCIM/JPEG_20211210201621596.jpg,-73.3556,-3.8951,criadero,VARILLAL
"616",2021/12/11,Containers,DCIM/JPEG_20211211152724026.jpg,-73.3478,-3.876,criadero,SAN CIRILO
"617",2021/12/11,Containers,DCIM/JPEG_20211211153052128.jpg,-73.348,-3.8748,criadero,SAN CIRILO
"618",2021/12/11,Containers,DCIM/JPEG_20211211153152881.jpg,-73.3477,-3.8748,criadero,SAN CIRILO
"619",2021/12/11,Containers,DCIM/JPEG_20211211153330022.jpg,-73.3476,-3.8744,criadero,SAN CIRILO
"620",2021/12/11,Containers,DCIM/JPEG_20211211153702654.jpg,-73.3479,-3.8734,criadero,SAN CIRILO
"621",2021/12/11,Containers,DCIM/JPEG_20211211154207836.jpg,-73.3477,-3.8724,criadero,SAN CIRILO
"622",2021/12/11,Vegetation,DCIM/JPEG_20211211155427348.jpg,-73.3489,-3.8736,criadero,SAN CIRILO
"623",2021/12/11,Vegetation,DCIM/JPEG_20211211155512013.jpg,-73.349,-3.8737,criadero,SAN CIRILO
"624",2021/12/11,Vegetation,DCIM/JPEG_20211211155637126.jpg,-73.3494,-3.8733,criadero,SAN CIRILO
"625",2021/12/11,Vegetation,DCIM/JPEG_20211211160014081.jpg,-73.3503,-3.8726,criadero,SAN CIRILO
"626",2021/12/11,Vegetation,DCIM/JPEG_20211211160929422.jpg,-73.3506,-3.8719,criadero,SAN CIRILO
"627",2021/12/11,Containers,DCIM/JPEG_20211211202743841.jpg,-73.3371,-3.8613,criadero,PENA NEGRA
"628",2021/12/11,Vegetation,DCIM/JPEG_20211211203049774.jpg,-73.3371,-3.8616,criadero,PENA NEGRA
"629",2021/12/11,Containers,DCIM/JPEG_20211211204012777.jpg,-73.3373,-3.8638,criadero,PENA NEGRA
"630",2021/12/11,Vegetation,DCIM/JPEG_20211211204216056.jpg,-73.3374,-3.8643,criadero,PENA NEGRA
"631",2021/12/11,Vegetation,DCIM/JPEG_20211211204332410.jpg,-73.3378,-3.8642,criadero,PENA NEGRA
"632",2021/12/12,Vegetation,DCIM/JPEG_20211212153723952.jpg,-73.3484,-3.855,criadero,UNION PROGRESO
"633",2021/12/12,Vegetation,DCIM/JPEG_20211212154257773.jpg,-73.348,-3.8538,criadero,UNION PROGRESO
"634",2021/12/12,Vegetation,DCIM/JPEG_20211212154528162.jpg,-73.3488,-3.8538,criadero,UNION PROGRESO
"635",2021/12/12,Vegetation,DCIM/JPEG_20211212160402113.jpg,-73.3512,-3.8553,criadero,UNION PROGRESO
"636",2021/12/12,Vegetation,DCIM/JPEG_20211212171047317.jpg,-73.3419,-3.84,criadero,LOS DELFINES
"637",2021/12/12,Vegetation,DCIM/JPEG_20211212171413100.jpg,-73.342,-3.8389,criadero,LOS DELFINES
"638",2021/12/12,Containers,DCIM/JPEG_20211212173905505.jpg,-73.3423,-3.8412,criadero,LOS DELFINES
"639",2021/12/12,Vegetation,DCIM/JPEG_20211212200232951.jpg,-73.3302,-3.8278,criadero,QUISTOCOCHA
"640",2021/12/12,Containers,DCIM/JPEG_20211212200344815.jpg,-73.3303,-3.8276,criadero,QUISTOCOCHA
"641",2021/12/12,Vegetation,DCIM/JPEG_20211212200512784.jpg,-73.3302,-3.8273,criadero,QUISTOCOCHA
"642",2021/12/12,Containers,DCIM/JPEG_20211212200554776.jpg,-73.3303,-3.8272,criadero,QUISTOCOCHA
"643",2021/12/12,Containers,DCIM/JPEG_20211212201316944.jpg,-73.3293,-3.8274,criadero,QUISTOCOCHA
"644",2021/12/12,Containers,DCIM/JPEG_20211212201628522.jpg,-73.3299,-3.8283,criadero,QUISTOCOCHA
"645",2021/12/12,Vegetation,DCIM/JPEG_20211212211954876.jpg,-73.33,-3.8342,criadero,QUISTOCOCHA
"646",2021/12/12,Containers,DCIM/JPEG_20211212212421243.jpg,-73.3305,-3.8353,criadero,QUISTOCOCHA
"647",2021/12/10,Vegetation,DCIM/JPEG_20211210155812148.jpg,-73.3911,-3.9319,criadero,SAN JOSE
"648",2021/12/10,Containers,DCIM/JPEG_20211210155926182.jpg,-73.3912,-3.9319,criadero,SAN JOSE
"649",2021/12/10,Containers,DCIM/JPEG_20211210160346683.jpg,-73.3918,-3.9313,criadero,SAN JOSE
"650",2021/12/10,Containers,DCIM/JPEG_20211210161320652.jpg,-73.3928,-3.9301,criadero,SAN JOSE
"651",2021/12/10,Containers,DCIM/JPEG_20211210162354153.jpg,-73.3928,-3.9302,criadero,SAN JOSE
"652",2021/12/10,Vegetation,DCIM/JPEG_20211210162712712.jpg,-73.3928,-3.9302,criadero,SAN JOSE
"653",2021/12/10,Vegetation,DCIM/JPEG_20211210162855222.jpg,-73.3929,-3.9305,criadero,SAN JOSE
"654",2021/12/10,Containers,DCIM/JPEG_20211210164614797.jpg,-73.3927,-3.9318,criadero,SAN JOSE
"655",2021/12/10,Containers,DCIM/JPEG_20211210164913778.jpg,-73.3928,-3.9315,criadero,SAN JOSE
"656",2021/12/10,Containers,DCIM/JPEG_20211210165635015.jpg,-73.3943,-3.9296,criadero,SAN JOSE
"657",2021/12/10,Containers,DCIM/JPEG_20211210170643936.jpg,-73.3939,-3.9303,criadero,SAN JOSE
"658",2021/12/10,Containers,DCIM/JPEG_20211210171145843.jpg,-73.3927,-3.9323,criadero,SAN JOSE
"659",2021/12/10,Containers,DCIM/JPEG_20211210202230096.jpg,-73.3534,-3.8997,criadero,VARILLAL
"660",2021/12/11,Containers,DCIM/JPEG_20211211153246251.jpg,-73.3478,-3.8739,criadero,SAN CIRILO
"661",2021/12/11,Vegetation,DCIM/JPEG_20211211153545456.jpg,-73.348,-3.8739,criadero,SAN CIRILO
"662",2021/12/11,Vegetation,DCIM/JPEG_20211211153933144.jpg,-73.3486,-3.8737,criadero,SAN CIRILO
"663",2021/12/11,Containers,DCIM/JPEG_20211211154143620.jpg,-73.3488,-3.8736,criadero,SAN CIRILO
"664",2021/12/11,Containers,DCIM/JPEG_20211211154349367.jpg,-73.3487,-3.8737,criadero,SAN CIRILO
"665",2021/12/11,Containers,DCIM/JPEG_20211211154903906.jpg,-73.3485,-3.8728,criadero,SAN CIRILO
"666",2021/12/11,Containers,DCIM/JPEG_20211211155022783.jpg,-73.3484,-3.8729,criadero,SAN CIRILO
"667",2021/12/11,Containers,DCIM/JPEG_20211211160433283.jpg,-73.3468,-3.8718,criadero,SAN CIRILO
"668",2021/12/11,Containers,DCIM/JPEG_20211211162838387.jpg,-73.3471,-3.8743,criadero,SAN CIRILO
"669",2021/12/11,Containers,DCIM/JPEG_20211211163121311.jpg,-73.3471,-3.8743,criadero,SAN CIRILO
"670",2021/12/11,Containers,DCIM/JPEG_20211211163312306.jpg,-73.3466,-3.8743,criadero,SAN CIRILO
"671",2021/12/11,Containers,DCIM/JPEG_20211211164009297.jpg,-73.3467,-3.8766,criadero,SAN CIRILO
"672",2021/12/11,Containers,DCIM/JPEG_20211211164123214.jpg,-73.3467,-3.8769,criadero,SAN CIRILO
"673",2021/12/11,Containers,DCIM/JPEG_20211211203350557.jpg,-73.3388,-3.8638,criadero,PENA NEGRA
"674",2021/12/11,Containers,DCIM/JPEG_20211211203558811.jpg,-73.3391,-3.8639,criadero,PENA NEGRA
"675",2021/12/11,Containers,DCIM/JPEG_20211211203803655.jpg,-73.3392,-3.8637,criadero,PENA NEGRA
"676",2021/12/11,Containers,DCIM/JPEG_20211211210703436.jpg,-73.3395,-3.8648,criadero,PENA NEGRA
"677",2021/12/11,Containers,DCIM/JPEG_20211211211235165.jpg,-73.3386,-3.8639,criadero,PENA NEGRA
"678",2021/12/11,Containers,DCIM/JPEG_20211211211736183.jpg,-73.3397,-3.863,criadero,PENA NEGRA
"679",2021/12/12,Containers,DCIM/JPEG_20211212142459504.jpg,-73.3405,-3.8631,criadero,PENA NEGRA
"680",2021/12/12,Vegetation,DCIM/JPEG_20211212142907975.jpg,-73.3398,-3.8629,criadero,PENA NEGRA
"681",2021/12/12,Containers,DCIM/JPEG_20211212153805025.jpg,-73.3496,-3.8565,criadero,UNION PROGRESO
"682",2021/12/12,Containers,DCIM/JPEG_20211212154847564.jpg,-73.3482,-3.8541,criadero,UNION PROGRESO
"683",2021/12/12,Vegetation,DCIM/JPEG_20211212155107313.jpg,-73.3481,-3.8538,criadero,UNION PROGRESO
"684",2021/12/12,Containers,DCIM/JPEG_20211212160003503.jpg,-73.3478,-3.8542,criadero,UNION PROGRESO
"685",2021/12/12,Containers,DCIM/JPEG_20211212160337070.jpg,-73.3484,-3.8553,criadero,UNION PROGRESO
"686",2021/12/12,Containers,DCIM/JPEG_20211212161356117.jpg,-73.3478,-3.8562,criadero,UNION PROGRESO
"687",2021/12/12,Containers,DCIM/JPEG_20211212170625529.jpg,-73.34,-3.8428,criadero,LOS DELFINES
"688",2021/12/12,Containers,DCIM/JPEG_20211212170953950.jpg,-73.3389,-3.8441,criadero,LOS DELFINES
"689",2021/12/12,Containers,DCIM/JPEG_20211212172031919.jpg,-73.3404,-3.8455,criadero,LOS DELFINES
"690",2021/12/12,Containers,DCIM/JPEG_20211212173332185.jpg,-73.3422,-3.8432,criadero,LOS DELFINES
"691",2021/12/12,Containers,DCIM/JPEG_20211212174011984.jpg,-73.3417,-3.8421,criadero,LOS DELFINES
"692",2021/12/12,Containers,DCIM/JPEG_20211212200251595.jpg,-73.3303,-3.8283,criadero,QUISTOCOCHA
"693",2021/12/12,Containers,DCIM/JPEG_20211212201406665.jpg,-73.3312,-3.8298,criadero,QUISTOCOCHA
"694",2021/12/12,Containers,DCIM/JPEG_20211212202330294.jpg,-73.3307,-3.8289,criadero,QUISTOCOCHA
"695",2021/12/12,Containers,DCIM/JPEG_20211212202818093.jpg,-73.3295,-3.8285,criadero,QUISTOCOCHA
"696",2021/12/12,Containers,DCIM/JPEG_20211212203341401.jpg,-73.3294,-3.8274,criadero,QUISTOCOCHA
"697",2021/12/12,Containers,DCIM/JPEG_20211212212547963.jpg,-73.3324,-3.8311,criadero,QUISTOCOCHA
"698",2021/12/12,Containers,DCIM/JPEG_20211212213405773.jpg,-73.3314,-3.8319,criadero,QUISTOCOCHA
"699",2021/12/12,Containers,DCIM/JPEG_20211212213448931.jpg,-73.3314,-3.8319,criadero,QUISTOCOCHA
"700",2021/12/12,Containers,DCIM/JPEG_20211212213523283.jpg,-73.3312,-3.832,criadero,QUISTOCOCHA
"701",2021/12/12,Containers,DCIM/JPEG_20211212213617737.jpg,-73.3309,-3.832,criadero,QUISTOCOCHA
"702",2021/12/12,Containers,DCIM/JPEG_20211212213757318.jpg,-73.3307,-3.8324,criadero,QUISTOCOCHA
"703",2021/12/12,Containers,DCIM/JPEG_20211212213931307.jpg,-73.3308,-3.8328,criadero,QUISTOCOCHA
"704",2021/12/12,Containers,DCIM/JPEG_20211212214003452.jpg,-73.3308,-3.833,criadero,QUISTOCOCHA
"705",2021/12/12,Containers,DCIM/JPEG_20211212214202649.jpg,-73.3313,-3.833,criadero,QUISTOCOCHA
