fid,Latitud,Longitud,Fecha,foto,class,type
1,-3.8603,-73.4134,2023-03-25,DCIM/cobertura_20230325150624086.jpg,Vegetation,cobertura
2,-3.861,-73.4121,2023-03-25,DCIM/cobertura_20230325151240054.jpg,Vegetation,cobertura
3,-3.8606,-73.4115,2023-03-25,DCIM/cobertura_20230325151555560.jpg,Vegetation,cobertura
4,-3.8583,-73.4118,2023-03-25,DCIM/cobertura_20230325152307041.jpg,Vegetation,cobertura
5,-3.8575,-73.4116,2023-03-25,DCIM/cobertura_20230325152505820.jpg,Vegetation,cobertura
6,-3.8569,-73.4096,2023-03-25,DCIM/cobertura_20230325153054067.jpg,Water bodies,cobertura
7,-3.8581,-73.4103,2023-03-25,DCIM/cobertura_20230325153501631.jpg,Vegetation,cobertura
8,-4.2182,-73.484,2023-03-26,DCIM/cobertura_20230326121218783.jpg,Vegetation,cobertura
9,-4.2194,-73.4835,2023-03-26,DCIM/cobertura_20230326122335972.jpg,Vegetation,cobertura
10,-4.2194,-73.4842,2023-03-26,DCIM/cobertura_20230326122637575.jpg,Vegetation,cobertura
11,-4.2211,-73.4835,2023-03-26,DCIM/cobertura_20230326124444034.jpg,Water bodies,cobertura
12,-4.2211,-73.4846,2023-03-26,DCIM/cobertura_20230326124644799.jpg,Vegetation,cobertura
13,-3.9605,-73.343,2023-03-29,DCIM/cobertura_20230329090636456.jpg,Water bodies,cobertura
14,-3.96,-73.3431,2023-03-29,DCIM/cobertura_20230329090828417.jpg,Vegetation,cobertura
15,-3.9598,-73.3426,2023-03-29,DCIM/cobertura_20230329090956091.jpg,Vegetation,cobertura
16,-3.9594,-73.3427,2023-03-29,DCIM/cobertura_20230329091236501.jpg,Vegetation,cobertura
17,-3.9592,-73.343,2023-03-29,DCIM/cobertura_20230329091328532.jpg,Vegetation,cobertura
18,-3.9584,-73.3433,2023-03-29,DCIM/cobertura_20230329091507395.jpg,Vegetation,cobertura
19,-3.9585,-73.3446,2023-03-29,DCIM/cobertura_20230329092128799.jpg,Vegetation,cobertura
20,-3.9594,-73.3453,2023-03-29,DCIM/cobertura_20230329092238856.jpg,Vegetation,cobertura
21,-4.1506,-73.4569,2023-03-29,DCIM/cobertura_20230329132611719.jpg,Vegetation,cobertura
22,-4.1506,-73.4571,2023-03-29,DCIM/cobertura_20230329132741895.jpg,Vegetation,cobertura
23,-4.1502,-73.4573,2023-03-29,DCIM/cobertura_20230329132906621.jpg,Vegetation,cobertura
24,-4.1498,-73.4575,2023-03-29,DCIM/cobertura_20230329132930414.jpg,Vegetation,cobertura
25,-4.15,-73.4581,2023-03-29,DCIM/cobertura_20230329133726017.jpg,Vegetation,cobertura
26,-4.1498,-73.4583,2023-03-29,DCIM/cobertura_20230329133837479.jpg,Vegetation,cobertura
27,-4.1497,-73.4586,2023-03-29,DCIM/cobertura_20230329133948039.jpg,Vegetation,cobertura
28,-4.1498,-73.4587,2023-03-29,DCIM/cobertura_20230329134032014.jpg,Vegetation,cobertura
29,-4.1053,-73.4533,2023-03-30,DCIM/cobertura_20230330101052485.jpg,Vegetation,cobertura
30,-4.0418,-73.4371,2023-03-30,DCIM/cobertura_20230330161532956.jpg,Vegetation,cobertura
31,-4.0411,-73.437,2023-03-30,DCIM/cobertura_20230330161812320.jpg,Vegetation,cobertura
32,-4.0433,-73.4378,2023-03-30,DCIM/cobertura_20230330162606684.jpg,Vegetation,cobertura
33,-3.8929,-73.3515,2023-03-31,DCIM/cobertura_20230331150945158.jpg,Vegetation,cobertura
34,-3.892,-73.352,2023-03-31,DCIM/cobertura_20230331151046320.jpg,Vegetation,cobertura
35,-3.8929,-73.3525,2023-03-31,DCIM/cobertura_20230331151446176.jpg,Vegetation,cobertura
36,-3.8921,-73.3529,2023-03-31,DCIM/cobertura_20230331151658558.jpg,Vegetation,cobertura
37,-3.8917,-73.3521,2023-03-31,DCIM/cobertura_20230331151729453.jpg,Vegetation,cobertura
38,-3.892,-73.3532,2023-03-31,DCIM/cobertura_20230331151935984.jpg,Vegetation,cobertura
39,-3.8911,-73.3533,2023-03-31,DCIM/cobertura_20230331152140634.jpg,Vegetation,cobertura
40,-3.8898,-73.3534,2023-03-31,DCIM/cobertura_20230331152658103.jpg,Vegetation,cobertura
41,-3.8895,-73.3521,2023-03-31,DCIM/cobertura_20230331153034565.jpg,Water bodies,cobertura
42,-3.8911,-73.352,2023-03-31,DCIM/cobertura_20230331153416225.jpg,Vegetation,cobertura
43,-3.8936,-73.3513,2023-03-31,DCIM/cobertura_20230331154413601.jpg,Vegetation,cobertura
44,-3.8975,-73.3532,2023-03-31,DCIM/cobertura_20230331155726812.jpg,Vegetation,cobertura
45,-3.8971,-73.3521,2023-03-31,DCIM/cobertura_20230331155834949.jpg,Vegetation,cobertura
46,-3.8964,-73.3517,2023-03-31,DCIM/cobertura_20230331155905492.jpg,Vegetation,cobertura
47,-3.8997,-73.3524,2023-03-31,DCIM/cobertura_20230331160454245.jpg,Water bodies,cobertura
48,-3.8997,-73.3542,2023-03-31,DCIM/cobertura_20230331160812573.jpg,Vegetation,cobertura
49,-3.8993,-73.3552,2023-03-31,DCIM/cobertura_20230331161132656.jpg,Vegetation,cobertura
50,-3.8979,-73.3558,2023-03-31,DCIM/cobertura_20230331161344469.jpg,Vegetation,cobertura
51,-3.8965,-73.3554,2023-03-31,DCIM/cobertura_20230331161542432.jpg,Vegetation,cobertura
52,-3.8272,-73.352,2023-04-02,DCIM/cobertura_20230402150555709.jpg,Vegetation,cobertura
53,-3.8266,-73.3518,2023-04-02,DCIM/cobertura_20230402150715882.jpg,Vegetation,cobertura
54,-3.8267,-73.3531,2023-04-02,DCIM/cobertura_20230402151343049.jpg,Vegetation,cobertura
55,-3.8268,-73.3529,2023-04-02,DCIM/cobertura_20230402151537333.jpg,Vegetation,cobertura
56,-3.8272,-73.354,2023-04-02,DCIM/cobertura_20230402151601829.jpg,Vegetation,cobertura
57,-3.8278,-73.3553,2023-04-02,DCIM/cobertura_20230402152049128.jpg,Vegetation,cobertura
58,-3.8274,-73.356,2023-04-02,DCIM/cobertura_20230402152312820.jpg,Vegetation,cobertura
59,-3.8291,-73.3565,2023-04-02,DCIM/cobertura_20230402152632401.jpg,Vegetation,cobertura
60,-3.8579,-73.409,2023-03-25,DCIM/cobertura_20230325151652529.jpg,Water bodies,cobertura
61,-3.8582,-73.4095,2023-03-25,DCIM/cobertura_20230325152447029.jpg,Vegetation,cobertura
62,-3.8574,-73.4093,2023-03-25,DCIM/cobertura_20230325152928932.jpg,Water bodies,cobertura
63,-3.8582,-73.4106,2023-03-25,DCIM/cobertura_20230325153630951.jpg,Vegetation,cobertura
64,-4.2167,-73.4821,2023-03-26,DCIM/cobertura_20230326114910375.jpg,Vegetation,cobertura
65,-4.2171,-73.481,2023-03-26,DCIM/cobertura_20230326114955589.jpg,Vegetation,cobertura
66,-4.2191,-73.4821,2023-03-26,DCIM/cobertura_20230326120107195.jpg,Vegetation,cobertura
67,-4.2202,-73.4826,2023-03-26,DCIM/cobertura_20230326120934614.jpg,Vegetation,cobertura
68,-4.22,-73.4818,2023-03-26,DCIM/cobertura_20230326123719777.jpg,Vegetation,cobertura
69,-3.9607,-73.3434,2023-03-29,DCIM/cobertura_20230329090723049.jpg,Vegetation,cobertura
70,-3.9607,-73.3443,2023-03-29,DCIM/cobertura_20230329090939058.jpg,Vegetation,cobertura
71,-3.9602,-73.3432,2023-03-29,DCIM/cobertura_20230329091457130.jpg,Vegetation,cobertura
72,-3.9597,-73.3437,2023-03-29,DCIM/cobertura_20230329092057329.jpg,Vegetation,cobertura
73,-3.9595,-73.3439,2023-03-29,DCIM/cobertura_20230329092200051.jpg,Vegetation,cobertura
74,-3.9594,-73.3443,2023-03-29,DCIM/cobertura_20230329092625730.jpg,Vegetation,cobertura
75,-3.9594,-73.3444,2023-03-29,DCIM/cobertura_20230329093037041.jpg,Vegetation,cobertura
76,-3.9594,-73.345,2023-03-29,DCIM/cobertura_20230329093156929.jpg,Vegetation,cobertura
77,-3.9595,-73.3455,2023-03-29,DCIM/cobertura_20230329093316389.jpg,Vegetation,cobertura
78,-4.1506,-73.4562,2023-03-29,DCIM/cobertura_20230329132150563.jpg,Vegetation,cobertura
79,-4.1507,-73.457,2023-03-29,DCIM/cobertura_20230329132451496.jpg,Vegetation,cobertura
80,-4.1508,-73.4573,2023-03-29,DCIM/cobertura_20230329132639835.jpg,Vegetation,cobertura
81,-4.1507,-73.4577,2023-03-29,DCIM/cobertura_20230329133053784.jpg,Vegetation,cobertura
82,-4.1508,-73.4577,2023-03-29,DCIM/cobertura_20230329133215376.jpg,Vegetation,cobertura
83,-4.103,-73.4552,2023-03-30,DCIM/cobertura_20230330095231886.jpg,Vegetation,cobertura
84,-4.1032,-73.4545,2023-03-30,DCIM/cobertura_20230330095525470.jpg,Vegetation,cobertura
85,-4.1034,-73.4541,2023-03-30,DCIM/cobertura_20230330095641916.jpg,Vegetation,cobertura
86,-4.1037,-73.4544,2023-03-30,DCIM/cobertura_20230330095812369.jpg,Vegetation,cobertura
87,-4.1042,-73.4539,2023-03-30,DCIM/cobertura_20230330100215543.jpg,Vegetation,cobertura
88,-4.0454,-73.4385,2023-03-30,DCIM/cobertura_20230330160922509.jpg,Vegetation,cobertura
89,-4.0462,-73.4382,2023-03-30,DCIM/cobertura_20230330162111427.jpg,Vegetation,cobertura
90,-3.8857,-73.355,2023-03-31,DCIM/cobertura_20230331150844426.jpg,Vegetation,cobertura
91,-3.8836,-73.355,2023-03-31,DCIM/cobertura_20230331151827398.jpg,Vegetation,cobertura
92,-3.8843,-73.3525,2023-03-31,DCIM/cobertura_20230331152832473.jpg,Vegetation,cobertura
93,-3.8856,-73.3524,2023-03-31,DCIM/cobertura_20230331153552036.jpg,Vegetation,cobertura
94,-3.8868,-73.3519,2023-03-31,DCIM/cobertura_20230331154025585.jpg,Vegetation,cobertura
95,-3.8869,-73.3531,2023-03-31,DCIM/cobertura_20230331154535078.jpg,Vegetation,cobertura
96,-3.8268,-73.3531,2023-04-02,DCIM/cobertura_20230402151043638.jpg,Vegetation,cobertura
97,-3.8285,-73.353,2023-04-02,DCIM/cobertura_20230402152227511.jpg,Vegetation,cobertura
98,-3.8289,-73.3536,2023-04-02,DCIM/cobertura_20230402152438087.jpg,Vegetation,cobertura
99,-3.8279,-73.3552,2023-04-02,DCIM/cobertura_20230402153257332.jpg,Vegetation,cobertura
100,-3.8285,-73.3529,2023-04-02,DCIM/cobertura_20230402153454772.jpg,Vegetation,cobertura
101,-3.8561,-73.4133,2023-03-25,DCIM/cobertura_20230325151207343.jpg,Vegetation,cobertura
102,-3.8565,-73.4134,2023-03-25,DCIM/cobertura_20230325151516608.jpg,Vegetation,cobertura
103,-3.8569,-73.4134,2023-03-25,DCIM/cobertura_20230325151705797.jpg,Vegetation,cobertura
104,-3.8573,-73.4134,2023-03-25,DCIM/cobertura_20230325152014917.jpg,Vegetation,cobertura
105,-3.8576,-73.4134,2023-03-25,DCIM/cobertura_20230325152125478.jpg,Vegetation,cobertura
106,-3.8578,-73.4134,2023-03-25,DCIM/cobertura_20230325152229977.jpg,Vegetation,cobertura
107,-3.8582,-73.4133,2023-03-25,DCIM/cobertura_20230325152351073.jpg,Vegetation,cobertura
108,-3.8587,-73.4133,2023-03-25,DCIM/cobertura_20230325153057506.jpg,Vegetation,cobertura
109,-3.8591,-73.4133,2023-03-25,DCIM/cobertura_20230325153354914.jpg,Vegetation,cobertura
110,-4.2176,-73.4833,2023-03-26,DCIM/cobertura_20230326115457991.jpg,Vegetation,cobertura
111,-4.2176,-73.4833,2023-03-26,DCIM/cobertura_20230326115901967.jpg,Vegetation,cobertura
112,-4.2176,-73.4833,2023-03-26,DCIM/cobertura_20230326120318641.jpg,Vegetation,cobertura
113,-4.2176,-73.4833,2023-03-26,DCIM/cobertura_20230326120505306.jpg,Vegetation,cobertura
114,-4.2176,-73.4833,2023-03-26,DCIM/cobertura_20230326120841379.jpg,Vegetation,cobertura
115,-4.2167,-73.4833,2023-03-26,DCIM/cobertura_20230326121229398.jpg,Vegetation,cobertura
116,-4.2167,-73.4833,2023-03-26,DCIM/cobertura_20230326121827676.jpg,Vegetation,cobertura
117,-4.2198,-73.483,2023-03-26,DCIM/cobertura_20230326122550722.jpg,Vegetation,cobertura
118,-4.2199,-73.483,2023-03-26,DCIM/cobertura_20230326122712261.jpg,Vegetation,cobertura
119,-4.2201,-73.4829,2023-03-26,DCIM/cobertura_20230326122811725.jpg,Vegetation,cobertura
120,-4.2204,-73.4828,2023-03-26,DCIM/cobertura_20230326122904038.jpg,Vegetation,cobertura
121,-4.2209,-73.4827,2023-03-26,DCIM/cobertura_20230326123155516.jpg,Vegetation,cobertura
122,-4.2214,-73.4826,2023-03-26,DCIM/cobertura_20230326123317271.jpg,Vegetation,cobertura
123,-4.2216,-73.4825,2023-03-26,DCIM/cobertura_20230326123406175.jpg,Vegetation,cobertura
124,-4.2219,-73.4825,2023-03-26,DCIM/cobertura_20230326123501965.jpg,Vegetation,cobertura
125,-4.2225,-73.4824,2023-03-26,DCIM/cobertura_20230326123645268.jpg,Vegetation,cobertura
126,-4.2221,-73.4826,2023-03-26,DCIM/cobertura_20230326123918132.jpg,Vegetation,cobertura
127,-4.2215,-73.4827,2023-03-26,DCIM/cobertura_20230326124554768.jpg,Vegetation,cobertura
128,-3.9588,-73.3455,2023-03-29,DCIM/cobertura_20230329091224946.jpg,Vegetation,cobertura
129,-3.9582,-73.3458,2023-03-29,DCIM/cobertura_20230329091745379.jpg,Vegetation,cobertura
130,-3.9589,-73.3463,2023-03-29,DCIM/cobertura_20230329092028821.jpg,Vegetation,cobertura
131,-3.9586,-73.3477,2023-03-29,DCIM/cobertura_20230329092634235.jpg,Vegetation,cobertura
132,-3.9572,-73.3481,2023-03-29,DCIM/cobertura_20230329092909582.jpg,Vegetation,cobertura
133,-3.9578,-73.3497,2023-03-29,DCIM/cobertura_20230329093020901.jpg,Vegetation,cobertura
134,-4.1492000000000004,-73.4601,2023-03-29,DCIM/cobertura_20230329132413776.jpg,Vegetation,cobertura
135,-4.1501,-73.4597,2023-03-29,DCIM/cobertura_20230329133126905.jpg,Vegetation,cobertura
136,-4.1495,-73.4587,2023-03-29,DCIM/cobertura_20230329133552649.jpg,Vegetation,cobertura
137,-4.1508,-73.4589,2023-03-29,DCIM/cobertura_20230329133726601.jpg,Vegetation,cobertura
138,-4.1499,-73.4587,2023-03-29,DCIM/cobertura_20230329133837209.jpg,Vegetation,cobertura
139,-4.104,-73.454,2023-03-30,DCIM/cobertura_20230330095201646.jpg,Vegetation,cobertura
140,-4.1043,-73.4535,2023-03-30,DCIM/cobertura_20230330095513317.jpg,Vegetation,cobertura
141,-4.1047,-73.453,2023-03-30,DCIM/cobertura_20230330095749006.jpg,Vegetation,cobertura
142,-4.105,-73.4524,2023-03-30,DCIM/cobertura_20230330100132948.jpg,Water bodies,cobertura
143,-4.1051,-73.4511,2023-03-30,DCIM/cobertura_20230330100534036.jpg,Vegetation,cobertura
144,-4.1055,-73.4504,2023-03-30,DCIM/cobertura_20230330100756087.jpg,Vegetation,cobertura
145,-4.1058,-73.4499,2023-03-30,DCIM/cobertura_20230330100837170.jpg,Vegetation,cobertura
146,-4.1048,-73.4508,2023-03-30,DCIM/cobertura_20230330101116490.jpg,Water bodies,cobertura
147,-4.0436,-73.4383,2023-03-30,DCIM/cobertura_20230330160609016.jpg,Vegetation,cobertura
148,-4.0428,-73.439,2023-03-30,DCIM/cobertura_20230330161130870.jpg,Vegetation,cobertura
149,-4.0429,-73.4386,2023-03-30,DCIM/cobertura_20230330161349762.jpg,Vegetation,cobertura
150,-4.0424,-73.4378,2023-03-30,DCIM/cobertura_20230330161850028.jpg,Vegetation,cobertura
151,-4.0414,-73.4377,2023-03-30,DCIM/cobertura_20230330162354406.jpg,Vegetation,cobertura
152,-4.0404,-73.4374,2023-03-30,DCIM/cobertura_20230330162422124.jpg,Vegetation,cobertura
153,-3.8887,-73.3515,2023-03-31,DCIM/cobertura_20230331145625448.jpg,Vegetation,cobertura
154,-3.8891,-73.3524,2023-03-31,DCIM/cobertura_20230331150006525.jpg,Vegetation,cobertura
155,-3.8891,-73.353,2023-03-31,DCIM/cobertura_20230331150239439.jpg,Vegetation,cobertura
156,-3.8889,-73.3538,2023-03-31,DCIM/cobertura_20230331150535111.jpg,Vegetation,cobertura
157,-3.889,-73.3547,2023-03-31,DCIM/cobertura_20230331150750181.jpg,Vegetation,cobertura
158,-3.8886,-73.3552,2023-03-31,DCIM/cobertura_20230331151028159.jpg,Vegetation,cobertura
159,-3.888,-73.3544,2023-03-31,DCIM/cobertura_20230331152104363.jpg,Vegetation,cobertura
160,-3.8869,-73.3555,2023-03-31,DCIM/cobertura_20230331152230745.jpg,Vegetation,cobertura
161,-3.888,-73.3539,2023-03-31,DCIM/cobertura_20230331152709690.jpg,Vegetation,cobertura
162,-3.8955,-73.3528,2023-03-31,DCIM/cobertura_20230331155239049.jpg,Vegetation,cobertura
163,-3.897,-73.3527,2023-03-31,DCIM/cobertura_20230331155604842.jpg,Vegetation,cobertura
164,-3.8974,-73.3523,2023-03-31,DCIM/cobertura_20230331160548095.jpg,Vegetation,cobertura
165,-3.8973,-73.3526,2023-03-31,DCIM/cobertura_20230331161443039.jpg,Vegetation,cobertura
166,-3.8223,-73.3257,2023-04-01,DCIM/cobertura_20230401110355648.jpg,Vegetation,cobertura
167,-3.8226,-73.326,2023-04-01,DCIM/cobertura_20230401110743518.jpg,Vegetation,cobertura
168,-3.8226,-73.3263,2023-04-01,DCIM/cobertura_20230401110957719.jpg,Vegetation,cobertura
169,-3.8227,-73.3268,2023-04-01,DCIM/cobertura_20230401111451954.jpg,Vegetation,cobertura
170,-3.8223,-73.327,2023-04-01,DCIM/cobertura_20230401111654558.jpg,Vegetation,cobertura
171,-3.822,-73.3274,2023-04-01,DCIM/cobertura_20230401112247639.jpg,Vegetation,cobertura
172,-3.8221,-73.3277,2023-04-01,DCIM/cobertura_20230401112548777.jpg,Vegetation,cobertura
173,-3.8224,-73.3277,2023-04-01,DCIM/cobertura_20230401112658715.jpg,Vegetation,cobertura
174,-3.8228,-73.3277,2023-04-01,DCIM/cobertura_20230401112909509.jpg,Vegetation,cobertura
175,-3.8234,-73.3277,2023-04-01,DCIM/cobertura_20230401113113639.jpg,Vegetation,cobertura
176,-3.8238,-73.3277,2023-04-01,DCIM/cobertura_20230401113335187.jpg,Vegetation,cobertura
177,-3.8243,-73.3277,2023-04-01,DCIM/cobertura_20230401113447669.jpg,Vegetation,cobertura
178,-3.8245,-73.3283,2023-04-01,DCIM/cobertura_20230401113706782.jpg,Vegetation,cobertura
179,-3.8243,-73.3275,2023-04-01,DCIM/cobertura_20230401113946865.jpg,Vegetation,cobertura
180,-3.8241,-73.3267,2023-04-01,DCIM/cobertura_20230401114350139.jpg,Vegetation,cobertura
181,-3.8235,-73.3267,2023-04-01,DCIM/cobertura_20230401114529174.jpg,Vegetation,cobertura
182,-3.8232,-73.3258,2023-04-01,DCIM/cobertura_20230401114832267.jpg,Vegetation,cobertura
183,-3.8234,-73.3272,2023-04-01,DCIM/cobertura_20230401115319113.jpg,Vegetation,cobertura
184,-3.8248,-73.3283,2023-04-01,DCIM/cobertura_20230401115719916.jpg,Vegetation,cobertura
185,-3.8255,-73.3285,2023-04-01,DCIM/cobertura_20230401115941083.jpg,Vegetation,cobertura
186,-3.8255,-73.3293,2023-04-01,DCIM/cobertura_20230401120239679.jpg,Vegetation,cobertura
187,-3.8264,-73.3294,2023-04-01,DCIM/cobertura_20230401120603002.jpg,Vegetation,cobertura
188,-3.8259,-73.3258,2023-04-01,DCIM/cobertura_20230401120656887.jpg,Vegetation,cobertura
189,-3.8268,-73.3295,2023-04-01,DCIM/cobertura_20230401120925425.jpg,Vegetation,cobertura
190,-3.8274,-73.3294,2023-04-01,DCIM/cobertura_20230401121044170.jpg,Vegetation,cobertura
191,-3.8279,-73.3295,2023-04-01,DCIM/cobertura_20230401121147462.jpg,Vegetation,cobertura
192,-3.8287,-73.3296,2023-04-01,DCIM/cobertura_20230401121308698.jpg,Vegetation,cobertura
193,-3.8292,-73.3299,2023-04-01,DCIM/cobertura_20230401121626106.jpg,Vegetation,cobertura
194,-3.8288,-73.3312,2023-04-01,DCIM/cobertura_20230401122015453.jpg,Vegetation,cobertura
195,-3.8285,-73.3303,2023-04-01,DCIM/cobertura_20230401122241564.jpg,Vegetation,cobertura
196,-3.8278,-73.3303,2023-04-01,DCIM/cobertura_20230401122504720.jpg,Vegetation,cobertura
197,-3.8272,-73.3302,2023-04-01,DCIM/cobertura_20230401122710484.jpg,Vegetation,cobertura
198,-3.8262,-73.3301,2023-04-01,DCIM/cobertura_20230401123044134.jpg,Vegetation,cobertura
199,-3.8256,-73.3301,2023-04-01,DCIM/cobertura_20230401123207492.jpg,Vegetation,cobertura
200,-3.8247,-73.3301,2023-04-01,DCIM/cobertura_20230401123354392.jpg,Vegetation,cobertura
201,-3.8242,-73.3297,2023-04-01,DCIM/cobertura_20230401123528226.jpg,Vegetation,cobertura
202,-3.8282,-73.3524,2023-04-02,DCIM/cobertura_20230402150051043.jpg,Vegetation,cobertura
203,-3.8285,-73.3524,2023-04-02,DCIM/cobertura_20230402150255518.jpg,Vegetation,cobertura
204,-3.8292,-73.3525,2023-04-02,DCIM/cobertura_20230402150514748.jpg,Vegetation,cobertura
205,-3.8294,-73.3531,2023-04-02,DCIM/cobertura_20230402151121110.jpg,Vegetation,cobertura
206,-3.8291,-73.3534,2023-04-02,DCIM/cobertura_20230402151236631.jpg,Vegetation,cobertura
207,-3.829,-73.3537,2023-04-02,DCIM/cobertura_20230402151513205.jpg,Vegetation,cobertura
208,-3.8288,-73.354,2023-04-02,DCIM/cobertura_20230402151714726.jpg,Vegetation,cobertura
209,-3.8286,-73.3544,2023-04-02,DCIM/cobertura_20230402152215030.jpg,Vegetation,cobertura
210,-3.8285,-73.3547,2023-04-02,DCIM/cobertura_20230402152525037.jpg,Vegetation,cobertura
211,-3.829,-73.3547,2023-04-02,DCIM/cobertura_20230402152700207.jpg,Vegetation,cobertura
212,-3.8294,-73.3552,2023-04-02,DCIM/cobertura_20230402152909129.jpg,Vegetation,cobertura
213,-3.8289,-73.3555,2023-04-02,DCIM/cobertura_20230402153101193.jpg,Vegetation,cobertura
214,-3.8293,-73.3559,2023-04-02,DCIM/cobertura_20230402153307107.jpg,Vegetation,cobertura
215,-3.8295,-73.3566,2023-04-02,DCIM/cobertura_20230402153426489.jpg,Vegetation,cobertura
216,-3.8288,-73.3544,2023-04-02,DCIM/cobertura_20230402153814670.jpg,Vegetation,cobertura
217,-3.8284,-73.3556,2023-04-02,DCIM/cobertura_20230402154031200.jpg,Vegetation,cobertura
218,-3.8287,-73.3534,2023-04-02,DCIM/cobertura_20230402154519811.jpg,Vegetation,cobertura
219,-3.8591,-73.4116,2023-03-25,DCIM/criadero_20230325152102564.jpg,Objects or waste material,criadero
220,-4.2168,-73.4834,2023-03-26,DCIM/criadero_20230326120037952.jpg,Standing water,criadero
221,-4.2179,-73.4835,2023-03-26,DCIM/criadero_20230326120949794.jpg,Standing water,criadero
222,-4.2187,-73.4835,2023-03-26,DCIM/criadero_20230326121628189.jpg,Standing water,criadero
223,-4.2191,-73.4833,2023-03-26,DCIM/criadero_20230326122124329.jpg,Objects or waste material,criadero
224,-4.2193,-73.4833,2023-03-26,DCIM/criadero_20230326122251244.jpg,Standing water,criadero
225,-4.2194,-73.4838,2023-03-26,DCIM/criadero_20230326122503709.jpg,Standing water,criadero
226,-4.2205,-73.4852,2023-03-26,DCIM/criadero_20230326123255891.jpg,Standing water,criadero
227,-4.2209,-73.4829,2023-03-26,DCIM/criadero_20230326124159279.jpg,Standing water,criadero
228,-4.1043,-73.4556,2023-03-30,DCIM/criadero_20230330094531775.jpg,Standing water,criadero
229,-4.1044,-73.4554,2023-03-30,DCIM/criadero_20230330094813461.jpg,Standing water,criadero
230,-4.1045,-73.4552,2023-03-30,DCIM/criadero_20230330095026127.jpg,Abandoned structure,criadero
231,-4.1046,-73.4551,2023-03-30,DCIM/criadero_20230330095402651.jpg,Standing water,criadero
232,-4.1047,-73.4544,2023-03-30,DCIM/criadero_20230330095720245.jpg,Standing water,criadero
233,-4.1048,-73.4544,2023-03-30,DCIM/criadero_20230330100041778.jpg,Drainage,criadero
234,-4.104,-73.4557,2023-03-30,DCIM/criadero_20230330103033198.jpg,Standing water,criadero
235,-4.0438,-73.4383,2023-03-30,DCIM/criadero_20230330160356922.jpg,Standing water,criadero
236,-4.0436,-73.4382,2023-03-30,DCIM/criadero_20230330160503002.jpg,Drainage,criadero
237,-4.0436,-73.4373,2023-03-30,DCIM/criadero_20230330161030546.jpg,Drainage,criadero
238,-4.0435,-73.4373,2023-03-30,DCIM/criadero_20230330161127527.jpg,Drainage,criadero
239,-4.0431,-73.4368,2023-03-30,DCIM/criadero_20230330161252556.jpg,Standing water,criadero
240,-4.0431,-73.4373,2023-03-30,DCIM/criadero_20230330162348492.jpg,Drainage,criadero
241,-4.0434,-73.4375,2023-03-30,DCIM/criadero_20230330162500704.jpg,Drainage,criadero
242,-4.0433,-73.4378,2023-03-30,DCIM/criadero_20230330162648406.jpg,Drainage,criadero
243,-3.8898,-73.3511,2023-03-31,DCIM/criadero_20230331145641070.jpg,Standing water,criadero
244,-3.8902,-73.3509,2023-03-31,DCIM/criadero_20230331145828020.jpg,Standing water,criadero
245,-3.8905,-73.3511,2023-03-31,DCIM/criadero_20230331150026265.jpg,Standing water,criadero
246,-3.8912,-73.3507,2023-03-31,DCIM/criadero_20230331150145079.jpg,Standing water,criadero
247,-3.8916,-73.3505,2023-03-31,DCIM/criadero_20230331150323750.jpg,Standing water,criadero
248,-3.8929,-73.352,2023-03-31,DCIM/criadero_20230331151327548.jpg,Standing water,criadero
249,-3.8918,-73.3538,2023-03-31,DCIM/criadero_20230331152046309.jpg,Standing water,criadero
250,-3.8912,-73.3537,2023-03-31,DCIM/criadero_20230331152215131.jpg,Standing water,criadero
251,-3.894,-73.3514,2023-03-31,DCIM/criadero_20230331154500936.jpg,Standing water,criadero
252,-3.8966,-73.3526,2023-03-31,DCIM/criadero_20230331155450039.jpg,Standing water,criadero
253,-3.8991,-73.3525,2023-03-31,DCIM/criadero_20230331160329902.jpg,Standing water,criadero
254,-3.8994,-73.3537,2023-03-31,DCIM/criadero_20230331160920186.jpg,Standing water,criadero
255,-3.8995,-73.3533,2023-03-31,DCIM/criadero_20230331161022200.jpg,Standing water,criadero
256,-3.8263,-73.3523,2023-04-02,DCIM/criadero_20230402150912390.jpg,Standing water,criadero
257,-3.8263,-73.3527,2023-04-02,DCIM/criadero_20230402151048634.jpg,Drainage,criadero
258,-3.8273,-73.3541,2023-04-02,DCIM/criadero_20230402151654026.jpg,Standing water,criadero
259,-3.8274,-73.3547,2023-04-02,DCIM/criadero_20230402151840775.jpg,Standing water,criadero
260,-3.8286,-73.356,2023-04-02,DCIM/criadero_20230402152547629.jpg,Standing water,criadero
261,-3.8284,-73.3556,2023-04-02,DCIM/criadero_20230402152735308.jpg,Standing water,criadero
262,-3.8284,-73.3553,2023-04-02,DCIM/criadero_20230402152846336.jpg,Standing water,criadero
263,-4.2191,-73.4826,2023-03-26,DCIM/criadero_20230326120420896.jpg,Standing water,criadero
264,-4.2202,-73.4821,2023-03-26,DCIM/criadero_20230326121135967.jpg,Standing water,criadero
265,-4.2204,-73.4818,2023-03-26,DCIM/criadero_20230326121929017.jpg,Standing water,criadero
266,-4.22,-73.4807,2023-03-26,DCIM/criadero_20230326122337517.jpg,Standing water,criadero
267,-4.2208,-73.4804,2023-03-26,DCIM/criadero_20230326122741576.jpg,Standing water,criadero
268,-4.221,-73.48,2023-03-26,DCIM/criadero_20230326123143909.jpg,Standing water,criadero
269,-3.9603,-73.3431,2023-03-29,DCIM/criadero_20230329091341759.jpg,Standing water,criadero
270,-3.9599,-73.3435,2023-03-29,DCIM/criadero_20230329091949108.jpg,Standing water,criadero
271,-4.1037,-73.4544,2023-03-30,DCIM/criadero_20230330095901976.jpg,Standing water,criadero
272,-4.1032,-73.455,2023-03-30,DCIM/criadero_20230330105118118.jpg,Standing water,criadero
273,-4.1035,-73.4548,2023-03-30,DCIM/criadero_20230330105236564.jpg,Standing water,criadero
274,-4.1036,-73.4549,2023-03-30,DCIM/criadero_20230330105345484.jpg,Standing water,criadero
275,-4.1035,-73.4552,2023-03-30,DCIM/criadero_20230330105507673.jpg,Standing water,criadero
276,-4.1033,-73.4552,2023-03-30,DCIM/criadero_20230330105559719.jpg,Standing water,criadero
277,-4.0445,-73.4384,2023-03-30,DCIM/criadero_20230330160443847.jpg,Standing water,criadero
278,-4.0449,-73.4386,2023-03-30,DCIM/criadero_20230330160655161.jpg,Standing water,criadero
279,-4.0451,-73.4384,2023-03-30,DCIM/criadero_20230330161124463.jpg,Standing water,criadero
280,-4.0455,-73.4377,2023-03-30,DCIM/criadero_20230330161837043.jpg,Standing water,criadero
281,-4.0445,-73.4375,2023-03-30,DCIM/criadero_20230330162502189.jpg,Objects or waste material,criadero
282,-3.8848,-73.3553,2023-03-31,DCIM/criadero_20230331151317025.jpg,Standing water,criadero
283,-3.8847,-73.3553,2023-03-31,DCIM/criadero_20230331151529404.jpg,Natural water sources,criadero
284,-3.8847,-73.3533,2023-03-31,DCIM/criadero_20230331152519526.jpg,Standing water,criadero
285,-3.8848,-73.353,2023-03-31,DCIM/criadero_20230331152749718.jpg,Drainage,criadero
286,-3.8852,-73.3517,2023-03-31,DCIM/criadero_20230331153140094.jpg,Drainage,criadero
287,-3.8864,-73.3522,2023-03-31,DCIM/criadero_20230331154118701.jpg,Standing water,criadero
288,-3.8874,-73.352,2023-03-31,DCIM/criadero_20230331154907088.jpg,Standing water,criadero
289,-3.8875,-73.3517,2023-03-31,DCIM/criadero_20230331155016127.jpg,Standing water,criadero
290,-3.8279,-73.3524,2023-04-02,DCIM/criadero_20230402150132766.jpg,Standing water,criadero
291,-3.8279,-73.3523,2023-04-02,DCIM/criadero_20230402150209995.jpg,Objects or waste material,criadero
292,-3.8266,-73.3526,2023-04-02,DCIM/criadero_20230402150736122.jpg,Standing water,criadero
293,-3.8266,-73.3528,2023-04-02,DCIM/criadero_20230402150822052.jpg,Standing water,criadero
294,-3.8267,-73.3531,2023-04-02,DCIM/criadero_20230402151304523.jpg,Standing water,criadero
295,-3.8268,-73.3533,2023-04-02,DCIM/criadero_20230402151403978.jpg,Standing water,criadero
296,-3.8269,-73.3533,2023-04-02,DCIM/criadero_20230402151447898.jpg,Standing water,criadero
297,-3.8271,-73.3531,2023-04-02,DCIM/criadero_20230402151537806.jpg,Standing water,criadero
298,-3.8274,-73.3536,2023-04-02,DCIM/criadero_20230402151719426.jpg,Standing water,criadero
299,-3.8284,-73.3534,2023-04-02,DCIM/criadero_20230402152144103.jpg,Standing water,criadero
300,-3.8286,-73.3534,2023-04-02,DCIM/criadero_20230402152256634.jpg,Standing water,criadero
301,-3.8287,-73.3534,2023-04-02,DCIM/criadero_20230402152338138.jpg,Standing water,criadero
302,-3.8289,-73.3539,2023-04-02,DCIM/criadero_20230402152620608.jpg,Standing water,criadero
303,-3.8286,-73.3543,2023-04-02,DCIM/criadero_20230402152952052.jpg,Standing water,criadero
304,-4.2176,-73.4833,2023-03-26,DCIM/criadero_20230326120240095.jpg,Standing water,criadero
305,-4.2167,-73.4833,2023-03-26,DCIM/criadero_20230326121426675.jpg,Standing water,criadero
306,-4.2167,-73.4833,2023-03-26,DCIM/criadero_20230326121623800.jpg,Abandoned structure,criadero
307,-4.2167,-73.4833,2023-03-26,DCIM/criadero_20230326121734878.jpg,Standing water,criadero
308,-4.2204,-73.4828,2023-03-26,DCIM/criadero_20230326123011543.jpg,Standing water,criadero
309,-4.2225,-73.4826,2023-03-26,DCIM/criadero_20230326123729095.jpg,Standing water,criadero
310,-4.222,-73.4827,2023-03-26,DCIM/criadero_20230326124156192.jpg,Standing water,criadero
311,-4.2213,-73.4827,2023-03-26,DCIM/criadero_20230326124658993.jpg,Standing water,criadero
312,-3.9589,-73.3454,2023-03-29,DCIM/criadero_20230329090754914.jpg,Standing water,criadero
313,-3.9587,-73.3457,2023-03-29,DCIM/criadero_20230329091415422.jpg,Standing water,criadero
314,-3.9584,-73.347,2023-03-29,DCIM/criadero_20230329092443392.jpg,Standing water,criadero
315,-4.1036,-73.4553,2023-03-30,DCIM/criadero_20230330094508565.jpg,Standing water,criadero
316,-4.1037,-73.4552,2023-03-30,DCIM/criadero_20230330094638178.jpg,Standing water,criadero
317,-4.1046,-73.4526,2023-03-30,DCIM/criadero_20230330095852682.jpg,Standing water,criadero
318,-4.1047,-73.4524,2023-03-30,DCIM/criadero_20230330095942978.jpg,Drainage,criadero
319,-4.1034,-73.4558,2023-03-30,DCIM/criadero_20230330104619640.jpg,Standing water,criadero
320,-4.1032,-73.4554,2023-03-30,DCIM/criadero_20230330104755240.jpg,Standing water,criadero
321,-4.0437,-73.4383,2023-03-30,DCIM/criadero_20230330160524423.jpg,Standing water,criadero
322,-4.0435,-73.4385,2023-03-30,DCIM/criadero_20230330160824354.jpg,Standing water,criadero
323,-3.8888,-73.3518,2023-03-31,DCIM/criadero_20230331145733443.jpg,Standing water,criadero
324,-3.8891,-73.3524,2023-03-31,DCIM/criadero_20230331150051738.jpg,Standing water,criadero
325,-3.889,-73.3547,2023-03-31,DCIM/criadero_20230331150826407.jpg,Natural water sources,criadero
326,-3.8886,-73.3553,2023-03-31,DCIM/criadero_20230331151138352.jpg,Natural water sources,criadero
327,-3.8971,-73.3527,2023-03-31,DCIM/criadero_20230331155706630.jpg,Standing water,criadero
328,-3.8978,-73.3533,2023-03-31,DCIM/criadero_20230331155958175.jpg,Natural water sources,criadero
329,-3.8975,-73.3529,2023-03-31,DCIM/criadero_20230331160231575.jpg,Standing water,criadero
330,-3.822,-73.3271,2023-04-01,DCIM/criadero_20230401111914674.jpg,Standing water,criadero
331,-3.822,-73.3272,2023-04-01,DCIM/criadero_20230401112030665.jpg,Standing water,criadero
332,-3.822,-73.3273,2023-04-01,DCIM/criadero_20230401112144285.jpg,Standing water,criadero
333,-3.822,-73.3274,2023-04-01,DCIM/criadero_20230401112403378.jpg,Abandoned structure,criadero
334,-3.8224,-73.3278,2023-04-01,DCIM/criadero_20230401112749275.jpg,Standing water,criadero
335,-3.8236,-73.3277,2023-04-01,DCIM/criadero_20230401113235824.jpg,Drainage,criadero
336,-3.8243,-73.3277,2023-04-01,DCIM/criadero_20230401113524092.jpg,Standing water,criadero
337,-3.8243,-73.3275,2023-04-01,DCIM/criadero_20230401114035706.jpg,Drainage,criadero
338,-3.8234,-73.3262,2023-04-01,DCIM/criadero_20230401114958946.jpg,Drainage,criadero
339,-3.8234,-73.3271,2023-04-01,DCIM/criadero_20230401115218078.jpg,Drainage,criadero
340,-3.825,-73.3284,2023-04-01,DCIM/criadero_20230401115817274.jpg,Drainage,criadero
341,-3.8256,-73.3294,2023-04-01,DCIM/criadero_20230401120328216.jpg,Standing water,criadero
342,-3.8289,-73.3295,2023-04-01,DCIM/criadero_20230401121422181.jpg,Standing water,criadero
343,-3.8292,-73.3299,2023-04-01,DCIM/criadero_20230401121552540.jpg,Standing water,criadero
344,-3.8284,-73.3303,2023-04-01,DCIM/criadero_20230401122336250.jpg,Drainage,criadero
345,-3.8276,-73.3302,2023-04-01,DCIM/criadero_20230401122559774.jpg,Standing water,criadero
346,-3.8271,-73.3301,2023-04-01,DCIM/criadero_20230401122804402.jpg,Drainage,criadero
347,-3.8292,-73.3525,2023-04-02,DCIM/criadero_20230402150557056.jpg,Standing water,criadero
348,-3.8296,-73.3526,2023-04-02,DCIM/criadero_20230402150918371.jpg,Drainage,criadero
349,-3.829,-73.3536,2023-04-02,DCIM/criadero_20230402151333255.jpg,Standing water,criadero
350,-3.8289,-73.354,2023-04-02,DCIM/criadero_20230402151631986.jpg,Drainage,criadero
351,-3.829,-73.3542,2023-04-02,DCIM/criadero_20230402151849278.jpg,Standing water,criadero
352,-3.8286,-73.3543,2023-04-02,DCIM/criadero_20230402152140327.jpg,Drainage,criadero
353,-3.8285,-73.3546,2023-04-02,DCIM/criadero_20230402152357252.jpg,Abandoned structure,criadero
354,-3.8296,-73.3571,2023-04-02,DCIM/criadero_20230402153544633.jpg,Standing water,criadero
