fid,CODIGO,DEPARTAMEN,PROVINCIA,DISTRITO,LONGITUD,LATITUD,POBLACION,DESCRIPCIO,2010,2019,absol.2019_2010,relat.2019_2010
1,1601010001,LORETO,MAYNAS,IQUITOS,-73.24413746,-3.74808497,144463,IQUITOS,138,118,-20,-14.49275362
2,1601010002,LORETO,MAYNAS,IQUITOS,-73.28432859,-3.71721373,607,MANACAMIRI,5,64,59,1180
3,1601010003,LORETO,MAYNAS,IQUITOS,-73.31630833,-3.71580667,86,FRAY MARTIN,1,1,0,0
4,1601010004,LORETO,MAYNAS,IQUITOS,-73.32407167,-3.73310333,161,SANTA RITA,23,217,194,843.4782609
5,1601010005,LORETO,MAYNAS,IQUITOS,-73.32446833,-3.74441,134,SAN JOSE DE LUPUNA,17,17,0,0
6,1601010006,LORETO,MAYNAS,IQUITOS,-73.36712333,-3.74159167,41,TRES UNIDOS,1,2,1,100
7,1601010007,LORETO,MAYNAS,IQUITOS,-73.37676333,-3.76589333,181,SAN PABLO DE CUYANA,0,1,1,Inf
8,1601010008,LORETO,MAYNAS,IQUITOS,-73.40428833,-3.775555,101,HUATURI,0,1,1,Inf
9,1601010009,LORETO,MAYNAS,IQUITOS,-73.39489,-3.74167833,76,LOBOYACU,2,0,-2,-100
10,1601010010,LORETO,MAYNAS,IQUITOS,-73.33565333,-3.75268167,164,SAN PEDRO,24,61,37,154.1666667
11,1601010011,LORETO,MAYNAS,IQUITOS,-73.40540167,-3.804715,150,TARAPOTO,1,1,0,0
12,1601010012,LORETO,MAYNAS,IQUITOS,-73.46081333,-3.81795,228,LIBERTAD,21,37,16,76.19047619
13,1601010013,LORETO,MAYNAS,IQUITOS,-73.499345,-3.83313,10,AYACUCHO,8,5,-3,-37.5
14,1601010014,LORETO,MAYNAS,IQUITOS,-73.56143,-3.84387167,23,YARINA,51,1,-50,-98.03921569
15,1601010015,LORETO,MAYNAS,IQUITOS,-73.58331667,-3.85649667,56,LAGUNAS,20,8,-12,-60
16,1601010017,LORETO,MAYNAS,IQUITOS,-73.57273,-3.859075,88,MARAVILLA,21,8,-13,-61.9047619
17,1601010018,LORETO,MAYNAS,IQUITOS,-73.49522333,-3.83361167,237,SHIRIARA,149,12,-137,-91.94630872
18,1601010019,LORETO,MAYNAS,IQUITOS,-73.408195,-3.75182667,47,8 DE OCTUBRE,0,0,0,NA
19,1601020001,LORETO,MAYNAS,ALTO NANAY,-73.69754417,-3.88847025,732,SANTA MARIA DE NANAY,158,135,-23,-14.55696203
20,1601020003,LORETO,MAYNAS,ALTO NANAY,-73.81041167,-3.43244833,95,VILLA FLOR,9,2,-7,-77.77777778
21,1601020004,LORETO,MAYNAS,ALTO NANAY,-73.76157667,-3.48574167,44,NUEVO PORVENIR,9,0,-9,-100
22,1601020005,LORETO,MAYNAS,ALTO NANAY,-73.75354,-3.51136,56,BUENAVISTA,17,1,-16,-94.11764706
23,1601020008,LORETO,MAYNAS,ALTO NANAY,-73.69506,-3.80362167,0,TRIUNFO,0,1,1,Inf
24,1601020012,LORETO,MAYNAS,ALTO NANAY,-73.7429373,-3.6067369,63,NUEVO ATALAYA,1,2,1,100
25,1601020016,LORETO,MAYNAS,ALTO NANAY,-74.5655,-3.40476833,17,ALBARENGA,0,1,1,Inf
26,1601020018,LORETO,MAYNAS,ALTO NANAY,-73.75548783,-3.58510579,73,ATALAYA,117,12,-105,-89.74358974
27,1601020027,LORETO,MAYNAS,ALTO NANAY,-73.78075,-3.70587333,309,SAN ANTONIO,45,144,99,220
28,1601020030,LORETO,MAYNAS,ALTO NANAY,-74.05565167,-3.80378167,136,PUCA URCO,0,1,1,Inf
29,1601020034,LORETO,MAYNAS,ALTO NANAY,-73.71351667,-3.760935,33,MONTE CALVARIO,17,10,-7,-41.17647059
30,1601020036,LORETO,MAYNAS,ALTO NANAY,-73.70001,-3.778035,22,MIRAFLORES,1,6,5,500
31,1601020040,LORETO,MAYNAS,ALTO NANAY,-73.676875,-3.82936,0,NUEVA ESPERANZA,0,0,0,NA
32,1601020042,LORETO,MAYNAS,ALTO NANAY,-73.90004333,-3.89135167,72,SALVADOR (PAVA QUEVADA),1,1,0,0
33,1601020043,LORETO,MAYNAS,ALTO NANAY,-73.80943167,-3.90198333,159,SAN JUAN DE UNGURAHUAL,0,1,1,Inf
34,1601020044,LORETO,MAYNAS,ALTO NANAY,-73.779825,-3.901415,438,DIAMANTE AZUL,9,159,150,1666.666667
35,1601020045,LORETO,MAYNAS,ALTO NANAY,-73.70262167,-3.820645,56,SABOYA,24,12,-12,-50
36,1601020046,LORETO,MAYNAS,ALTO NANAY,-73.68965167,-3.85604,64,SAN JUAN DE RAYA,0,0,0,NA
37,1601020050,LORETO,MAYNAS,ALTO NANAY,-73.71290333,-3.890745,58,PISCO,11,11,0,0
38,1601020051,LORETO,MAYNAS,ALTO NANAY,-73.73654833,-3.89696833,10,NUEVO LORETO,1,4,3,300
39,1601020052,LORETO,MAYNAS,ALTO NANAY,-73.76070833,-3.90651333,1,TROPICAL,0,0,0,NA
40,1601020055,LORETO,MAYNAS,ALTO NANAY,-73.70373167,-3.76959,9,SALVATIERRA,5,130,125,2500
41,1601020056,LORETO,MAYNAS,ALTO NANAY,-73.61200333,-3.86551667,408,SAMITO,0,0,0,NA
42,1601030001,LORETO,MAYNAS,FERNANDO LORES,-73.15699511,-4.00174168,6181,TAMSHIYACU,13,4,-9,-69.23076923
43,1601030002,LORETO,MAYNAS,FERNANDO LORES,-73.18027333,-3.86734333,21,TIMAREO I ZONA,0,0,0,NA
44,1601030005,LORETO,MAYNAS,FERNANDO LORES,-73.18072167,-3.88342,35,TIMAREO II ZONA,0,0,0,NA
45,1601030008,LORETO,MAYNAS,FERNANDO LORES,-73.19738333,-3.88797,25,NUEVA PALESTINA,0,0,0,NA
46,1601030009,LORETO,MAYNAS,FERNANDO LORES,-73.22307833,-3.90088667,41,SAN LORENZO DE MUYUY,1,0,-1,-100
47,1601030011,LORETO,MAYNAS,FERNANDO LORES,-73.23093,-3.94193167,34,VILLA ASIS,1,0,-1,-100
48,1601030012,LORETO,MAYNAS,FERNANDO LORES,-73.215555,-3.875965,42,SANTA ANA DE MUYUY,0,0,0,NA
49,1601030013,LORETO,MAYNAS,FERNANDO LORES,-73.19981333,-3.90443667,14,TIMAREO III ZONA,0,0,0,NA
50,1601030014,LORETO,MAYNAS,FERNANDO LORES,-73.15231,-3.87743167,148,YANAYACU IV ZONA,0,0,0,NA
51,1601030015,LORETO,MAYNAS,FERNANDO LORES,-73.20163333,-3.85502667,47,SANTA ANA DE MUYUY II ZONA,0,0,0,NA
52,1601030017,LORETO,MAYNAS,FERNANDO LORES,-73.17879333,-3.90020833,40,ISLA DE FATIMA,0,0,0,NA
53,1601030018,LORETO,MAYNAS,FERNANDO LORES,-73.12629,-3.88059833,86,NUEVO JERUSALEN,2,0,-2,-100
54,1601030019,LORETO,MAYNAS,FERNANDO LORES,-73.21090833,-3.88926667,23,9 DE DICIEMBRE,0,1,1,Inf
55,1601030020,LORETO,MAYNAS,FERNANDO LORES,-73.21483167,-3.917995,49,NUEVO AMAZONAS,0,0,0,NA
56,1601030021,LORETO,MAYNAS,FERNANDO LORES,-73.14997667,-3.896715,82,INDEPENDIENTE,1,0,-1,-100
57,1601030023,LORETO,MAYNAS,FERNANDO LORES,-73.14413,-3.90171333,214,PANGUANA II ZONA,3,0,-3,-100
58,1601030024,LORETO,MAYNAS,FERNANDO LORES,-73.21493,-3.948255,95,PIHUICHO ISLA,0,0,0,NA
59,1601030026,LORETO,MAYNAS,FERNANDO LORES,-73.20632333,-3.95569,73,NUEVO PROGRESO,0,0,0,NA
60,1601030027,LORETO,MAYNAS,FERNANDO LORES,-73.17904667,-3.91703667,34,TARAPOTO ISLA,0,0,0,NA
61,1601030028,LORETO,MAYNAS,FERNANDO LORES,-73.15657667,-3.92263333,172,GRAN PERU,0,0,0,NA
62,1601030029,LORETO,MAYNAS,FERNANDO LORES,-73.15396,-3.942745,122,PANGUANA I ZONA,2,0,-2,-100
63,1601030030,LORETO,MAYNAS,FERNANDO LORES,-73.18840667,-3.938915,62,SAN FRANCISCO DE ANGAMOS,0,0,0,NA
64,1601030031,LORETO,MAYNAS,FERNANDO LORES,-73.1883,-3.96525333,31,PUEBLO LIBRE,0,0,0,NA
65,1601030032,LORETO,MAYNAS,FERNANDO LORES,-73.154035,-3.96329167,28,18 DE FEBRERO,0,0,0,NA
66,1601030033,LORETO,MAYNAS,FERNANDO LORES,-73.16867333,-3.98361,35,COLLPA,0,0,0,NA
67,1601030034,LORETO,MAYNAS,FERNANDO LORES,-73.20854333,-3.973405,71,TERRABONA,0,0,0,NA
68,1601030035,LORETO,MAYNAS,FERNANDO LORES,-73.200905,-3.98266,10,SAN MARCOS,0,0,0,NA
69,1601030036,LORETO,MAYNAS,FERNANDO LORES,-73.19343,-4.00192167,47,FLOR DEL ORIENTE,0,0,0,NA
70,1601030037,LORETO,MAYNAS,FERNANDO LORES,-73.14900667,-4.01958333,80,SAN FELIPE,0,0,0,NA
71,1601030038,LORETO,MAYNAS,FERNANDO LORES,-73.193435,-4.02286,26,SAN JORGE II ZONA,0,0,0,NA
72,1601030039,LORETO,MAYNAS,FERNANDO LORES,-73.11927667,-4.036845,62,NUEVO TARAPACA,1,11,10,1000
73,1601030040,LORETO,MAYNAS,FERNANDO LORES,-73.09158667,-4.06288333,5,SANTA ROSA DE SHATO,0,0,0,NA
74,1601030041,LORETO,MAYNAS,FERNANDO LORES,-73.09864667,-4.06453833,32,MAGDALENA,1,0,-1,-100
75,1601030042,LORETO,MAYNAS,FERNANDO LORES,-73.14167167,-4.04038,17,SAN RAFAEL,0,0,0,NA
76,1601030043,LORETO,MAYNAS,FERNANDO LORES,-73.06690333,-4.08785167,49,NUEVO SAN JUAN,0,0,0,NA
77,1601030044,LORETO,MAYNAS,FERNANDO LORES,-73.13820833,-4.056485,233,SANTA ANA I ZONA,0,0,0,NA
78,1601030045,LORETO,MAYNAS,FERNANDO LORES,-73.16925667,-4.05548833,17,SAN JORGE,1,0,-1,-100
79,1601030046,LORETO,MAYNAS,FERNANDO LORES,-73.19702667,-4.08244833,6,BUENAS NUEVAS,0,0,0,NA
80,1601030047,LORETO,MAYNAS,FERNANDO LORES,-73.13599,-4.07137667,55,SANTA ANA II ZONA,0,0,0,NA
81,1601030048,LORETO,MAYNAS,FERNANDO LORES,-73.13557,-4.08581833,51,NUEVO HORIZONTE,1,0,-1,-100
82,1601030049,LORETO,MAYNAS,FERNANDO LORES,-73.11341333,-4.11573333,13,PACHACUTEC,1,0,-1,-100
83,1601030050,LORETO,MAYNAS,FERNANDO LORES,-73.04061,-4.10284333,85,ALIANZA,4,0,-4,-100
84,1601030051,LORETO,MAYNAS,FERNANDO LORES,-73.00210333,-4.100725,39,PUERTO INCA,0,0,0,NA
85,1601030052,LORETO,MAYNAS,FERNANDO LORES,-73.37706333,-4.11932667,11,LUCERO PATA,0,0,0,NA
86,1601030053,LORETO,MAYNAS,FERNANDO LORES,-73.34609833,-4.128725,44,SANTA LUCINDA,1,0,-1,-100
87,1601030054,LORETO,MAYNAS,FERNANDO LORES,-73.14369667,-4.09978833,69,NUEVO SAN MARTIN,0,0,0,NA
88,1601030055,LORETO,MAYNAS,FERNANDO LORES,-73.28589833,-4.10603,6,SAMARIA II ZONA,0,0,0,NA
89,1601030056,LORETO,MAYNAS,FERNANDO LORES,-73.22725,-4.11413833,45,TAPIRA CHICO,0,1,1,Inf
90,1601030057,LORETO,MAYNAS,FERNANDO LORES,-72.98175667,-4.12182833,64,BUENOS AIRES,0,0,0,NA
91,1601030058,LORETO,MAYNAS,FERNANDO LORES,-73.27759667,-4.10582,14,SAMARIA I ZONA,0,0,0,NA
92,1601030059,LORETO,MAYNAS,FERNANDO LORES,-73.29299833,-4.11705833,13,JUSTICIA I ZONA,0,0,0,NA
93,1601030060,LORETO,MAYNAS,FERNANDO LORES,-73.37740667,-4.13443667,59,SEÑOR DE LOS MILAGROS,1,0,-1,-100
94,1601030061,LORETO,MAYNAS,FERNANDO LORES,-73.322348,-4.132628,5,8 DE SETIEMBRE,0,0,0,NA
95,1601030062,LORETO,MAYNAS,FERNANDO LORES,-73.35554167,-4.13227833,14,NUEVO SAN LORENZO,0,0,0,NA
96,1601030063,LORETO,MAYNAS,FERNANDO LORES,-73.273365,-4.166645,19,SAN JOSE DE AMAZONAS,0,0,0,NA
97,1601030064,LORETO,MAYNAS,FERNANDO LORES,-73.15195,-4.12220167,50,NUEVO TRIUNFO,0,0,0,NA
98,1601030065,LORETO,MAYNAS,FERNANDO LORES,-72.97035667,-4.13015833,38,VILLA MONTE SINAI,0,0,0,NA
99,1601030066,LORETO,MAYNAS,FERNANDO LORES,-73.16623667,-4.09925333,91,TAPIRA NUEVO II ZONA,0,0,0,NA
100,1601030067,LORETO,MAYNAS,FERNANDO LORES,-73.21437833,-4.114835,19,CENTRO AMERICA,0,0,0,NA
101,1601030068,LORETO,MAYNAS,FERNANDO LORES,-73.37728,-4.17403833,126,SAN SALVADOR DE OMAGUAS,0,0,0,NA
102,1601030069,LORETO,MAYNAS,FERNANDO LORES,-72.95351667,-4.14109167,84,CONSTANCIA,1,0,-1,-100
103,1601030070,LORETO,MAYNAS,FERNANDO LORES,-73.15636667,-4.13233167,115,NUEVO VALENTIN,1,0,-1,-100
104,1601030071,LORETO,MAYNAS,FERNANDO LORES,-73.11378333,-4.15068167,4,LIBERTAD AGRARIA,0,0,0,NA
105,1601030072,LORETO,MAYNAS,FERNANDO LORES,-73.23107167,-4.16180667,22,TAPIRILLO,0,1,1,Inf
106,1601030073,LORETO,MAYNAS,FERNANDO LORES,-73.36838,-4.15789833,61,NUEVA PRIMAVERA,0,0,0,NA
107,1601030074,LORETO,MAYNAS,FERNANDO LORES,-73.16013833,-4.15120833,36,CHAVIN,0,0,0,NA
108,1601030075,LORETO,MAYNAS,FERNANDO LORES,-73.2592,-4.15218833,25,MANGUA,0,0,0,NA
109,1601030076,LORETO,MAYNAS,FERNANDO LORES,-72.93858333,-4.16016667,48,SERAFIN FILOMENO,0,0,0,NA
110,1601030077,LORETO,MAYNAS,FERNANDO LORES,-73.18196833,-4.16258333,25,HUAYSI,0,0,0,NA
111,1601030078,LORETO,MAYNAS,FERNANDO LORES,-73.24857333,-4.15296833,36,8 DE MAYO,0,0,0,NA
112,1601030080,LORETO,MAYNAS,FERNANDO LORES,-73.17467,-4.12054167,68,TAPIRA NUEVO I ZONA,0,0,0,NA
113,1601030081,LORETO,MAYNAS,FERNANDO LORES,-73.16258167,-4.16596333,58,PUNGA,0,1,1,Inf
114,1601030082,LORETO,MAYNAS,FERNANDO LORES,-72.91395667,-4.17454833,63,RIVERA ALTA,0,0,0,NA
115,1601030083,LORETO,MAYNAS,FERNANDO LORES,-73.14636667,-4.00657667,111,YACAPANA I ZONA,0,0,0,NA
116,1601030084,LORETO,MAYNAS,FERNANDO LORES,-73.37326667,-4.18908333,105,SAN JOSE DE OMAGUAS,0,0,0,NA
117,1601030085,LORETO,MAYNAS,FERNANDO LORES,-73.16597333,-4.17904,111,SANTA CRUZ,0,3,3,Inf
118,1601030087,LORETO,MAYNAS,FERNANDO LORES,-73.32455,-4.17780167,31,CENTRO YACAPANA,0,0,0,NA
119,1601030089,LORETO,MAYNAS,FERNANDO LORES,-73.16893,-4.18955833,58,CANAAN,1,1,0,0
120,1601030090,LORETO,MAYNAS,FERNANDO LORES,-72.88528,-4.19452833,34,SAN MIGUEL,0,0,0,NA
121,1601030092,LORETO,MAYNAS,FERNANDO LORES,-73.30784833,-4.19492833,33,YACAPANA II ZONA,0,0,0,NA
122,1601030093,LORETO,MAYNAS,FERNANDO LORES,-73.257505,-4.21021833,9,24 DE JUNIO,0,0,0,NA
123,1601030094,LORETO,MAYNAS,FERNANDO LORES,-73.29902167,-4.222395,71,NUEVO JUNIN,0,0,0,NA
124,1601030095,LORETO,MAYNAS,FERNANDO LORES,-73.20348,-4.20990833,193,ESPERANZA,10,6,-4,-40
125,1601030096,LORETO,MAYNAS,FERNANDO LORES,-73.364255,-4.19142833,12,SANTA CATALINA,0,0,0,NA
126,1601030097,LORETO,MAYNAS,FERNANDO LORES,-73.16533833,-4.20443167,8,NUEVA ESPERANZA,0,0,0,NA
127,1601030098,LORETO,MAYNAS,FERNANDO LORES,-73.37293333,-4.20199833,48,FOMENTO,0,0,0,NA
128,1601030099,LORETO,MAYNAS,FERNANDO LORES,-73.32670167,-4.20970667,146,BUENOS AIRES,0,0,0,NA
129,1601030100,LORETO,MAYNAS,FERNANDO LORES,-72.82647833,-4.24046,93,MIRAFLORES,1,0,-1,-100
130,1601030101,LORETO,MAYNAS,FERNANDO LORES,-72.85677167,-4.22224167,61,PUERTO ROSARIO,0,0,0,NA
131,1601030102,LORETO,MAYNAS,FERNANDO LORES,-73.18800833,-4.22065333,75,SAN CARLOS,0,0,0,NA
132,1601030103,LORETO,MAYNAS,FERNANDO LORES,-73.30432833,-4.23751667,153,AYACUCHO TIPISHCA,0,0,0,NA
133,1601030104,LORETO,MAYNAS,FERNANDO LORES,-73.372945,-4.22798,176,EL PORVENIR I ZONA,0,0,0,NA
134,1601030106,LORETO,MAYNAS,FERNANDO LORES,-73.37320667,-4.231555,34,NUEVA ESPERANZA DEL AMAZONAS,2,0,-2,-100
135,1601030107,LORETO,MAYNAS,FERNANDO LORES,-73.38146348,-4.2473566,27,SAN PEDRO DEL AMAZONAS,0,0,0,NA
136,1601030109,LORETO,MAYNAS,FERNANDO LORES,-73.18532,-4.24626667,31,SAN JUAN DE CUNSHICO COCHA,0,0,0,NA
137,1601030110,LORETO,MAYNAS,FERNANDO LORES,-72.80880833,-4.26055167,25,LIBERTAD,2,1,-1,-50
138,1601030111,LORETO,MAYNAS,FERNANDO LORES,-73.23889167,-4.26572833,23,EL CHARO,0,0,0,NA
139,1601030112,LORETO,MAYNAS,FERNANDO LORES,-73.37684667,-4.26635333,22,SAN JUAN DEL AMAZONAS,0,0,0,NA
140,1601030113,LORETO,MAYNAS,FERNANDO LORES,-73.19898,-4.291185,28,BUENA VISTA,0,0,0,NA
141,1601030115,LORETO,MAYNAS,FERNANDO LORES,-73.16181833,-4.37124333,18,DIAMANTE Y 7 DE JUNIO,0,0,0,NA
142,1601030117,LORETO,MAYNAS,FERNANDO LORES,-73.19859333,-4.33447167,18,SAN PEDRO DEL BLANCO,0,1,1,Inf
143,1601030118,LORETO,MAYNAS,FERNANDO LORES,-73.21661667,-4.306105,172,EL CHINO,0,1,1,Inf
144,1601030119,LORETO,MAYNAS,FERNANDO LORES,-73.42603167,-4.29861167,11,SAN FERNANDO,0,0,0,NA
145,1601030121,LORETO,MAYNAS,FERNANDO LORES,-73.29033,-4.30913667,57,SAN JUAN DE YANAYACU,0,0,0,NA
146,1601030123,LORETO,MAYNAS,FERNANDO LORES,-73.37270805,-4.50770979,47,LORETO (NUEVO LORETO),0,0,0,NA
147,1601030124,LORETO,MAYNAS,FERNANDO LORES,-73.39038,-4.48913167,92,JALDAR,0,0,0,NA
148,1601030125,LORETO,MAYNAS,FERNANDO LORES,-73.37481167,-4.487075,49,JERUSALEN,0,0,0,NA
149,1601030126,LORETO,MAYNAS,FERNANDO LORES,-73.153915,-3.8316,511,GALLITO,1,0,-1,-100
150,1601030127,LORETO,MAYNAS,FERNANDO LORES,-73.154785,-3.86023167,587,AUCAYO,5,0,-5,-100
151,1601030128,LORETO,MAYNAS,FERNANDO LORES,-73.163975,-3.85703833,31,CONTAMANILLO,0,0,0,NA
152,1601030129,LORETO,MAYNAS,FERNANDO LORES,-73.12194833,-3.843645,235,UNION,0,0,0,NA
153,1601030130,LORETO,MAYNAS,FERNANDO LORES,-73.14297667,-3.86241833,72,LIBERTAD,0,0,0,NA
154,1601030131,LORETO,MAYNAS,FERNANDO LORES,-73.15489167,-3.86812,64,MONTE VERDE,0,0,0,NA
155,1601030133,LORETO,MAYNAS,FERNANDO LORES,-73.30276167,-4.11414333,27,JUSTICIA II ZONA,0,0,0,NA
156,1601030134,LORETO,MAYNAS,FERNANDO LORES,-73.32070402,-4.13932508,1,DOS UNIDOS,0,0,0,NA
157,1601030137,LORETO,MAYNAS,FERNANDO LORES,-73.12923333,-3.91014667,193,CENTRO INDUSTRIAL,0,0,0,NA
158,1601030139,LORETO,MAYNAS,FERNANDO LORES,-73.40140167,-4.36326167,8,NUEVO BELEN,0,0,0,NA
159,1601040001,LORETO,MAYNAS,INDIANA,-73.04114288,-3.50025759,3821,INDIANA,8,4,-4,-50
160,1601040002,LORETO,MAYNAS,INDIANA,-72.85417667,-3.44064,270,PALMERAS II ZONA,0,0,0,NA
161,1601040003,LORETO,MAYNAS,INDIANA,-72.84683833,-3.44858,43,LAS PALMERAS I ZONA,0,0,0,NA
162,1601040004,LORETO,MAYNAS,INDIANA,-72.87649167,-3.45182667,63,YANAMONO I ZONA,3,0,-3,-100
163,1601040005,LORETO,MAYNAS,INDIANA,-72.91872833,-3.46233,151,SANTA ISABEL,0,0,0,NA
164,1601040007,LORETO,MAYNAS,INDIANA,-72.84238,-3.48890833,36,AGUSTO SALAZAR BONDI,0,0,0,NA
165,1601040008,LORETO,MAYNAS,INDIANA,-72.92163833,-3.47791333,73,NUEVO SAN JUAN DEL AMAZO,0,0,0,NA
166,1601040009,LORETO,MAYNAS,INDIANA,-72.94239333,-3.47158,230,PUCALLPA,0,0,0,NA
167,1601040010,LORETO,MAYNAS,INDIANA,-72.96306167,-3.47643167,159,SANTA ROSA,0,0,0,NA
168,1601040011,LORETO,MAYNAS,INDIANA,-72.87396667,-3.47721,109,SAN PEDRO DEL MANITI,0,0,0,NA
169,1601040012,LORETO,MAYNAS,INDIANA,-72.733185,-3.48676167,30,NUEVO MIRAFLORES,0,0,0,NA
170,1601040013,LORETO,MAYNAS,INDIANA,-72.71909333,-3.50593167,53,PUERTO RICO,0,0,0,NA
171,1601040014,LORETO,MAYNAS,INDIANA,-72.77210333,-3.48036,21,SANTA SOFIA,0,0,0,NA
172,1601040015,LORETO,MAYNAS,INDIANA,-72.88910167,-3.483885,96,NUEVO PARAISO,0,0,0,NA
173,1601040016,LORETO,MAYNAS,INDIANA,-72.91350667,-3.484265,76,JORGE CHAVEZ,0,1,1,Inf
174,1601040017,LORETO,MAYNAS,INDIANA,-72.98013667,-3.47988833,226,IQUIQUE,0,0,0,NA
175,1601040018,LORETO,MAYNAS,INDIANA,-73.00557667,-3.48770667,288,SANTA TERESA,4,0,-4,-100
176,1601040019,LORETO,MAYNAS,INDIANA,-73.01668667,-3.490375,215,SAN LUIS,0,0,0,NA
177,1601040020,LORETO,MAYNAS,INDIANA,-72.97753167,-3.49246167,78,NUEVO UCHIZA,1,0,-1,-100
178,1601040021,LORETO,MAYNAS,INDIANA,-72.808865,-3.50132333,63,RAMON CASTILLA,1,0,-1,-100
179,1601040022,LORETO,MAYNAS,INDIANA,-72.72040012,-3.50702484,152,LIBERTAD VAINILLA,0,1,1,Inf
180,1601040023,LORETO,MAYNAS,INDIANA,-72.83114833,-3.50481333,215,MANITI II ZONA,0,0,0,NA
181,1601040024,LORETO,MAYNAS,INDIANA,-73.00397667,-3.51782333,267,MANCO CAPAC,1,0,-1,-100
182,1601040025,LORETO,MAYNAS,INDIANA,-72.75905333,-3.537365,95,CATALAN URCO,0,0,0,NA
183,1601040026,LORETO,MAYNAS,INDIANA,-72.84019,-3.52023,170,MANITI I - ZONA,3,3,0,0
184,1601040027,LORETO,MAYNAS,INDIANA,-73.00022333,-3.544535,37,NUEVO TRIUNFO,0,0,0,NA
185,1601040029,LORETO,MAYNAS,INDIANA,-73.07422167,-3.51829,42,TIMICURILLO II ZONA,0,0,0,NA
186,1601040030,LORETO,MAYNAS,INDIANA,-73.09217333,-3.530115,190,TIMICURILLO I ZONA,0,2,2,Inf
187,1601040032,LORETO,MAYNAS,INDIANA,-72.86955167,-3.54919667,150,VILLA MARIA,1,3,2,200
188,1601040033,LORETO,MAYNAS,INDIANA,-72.90291833,-3.54775667,227,RECREO,0,11,11,Inf
189,1601040034,LORETO,MAYNAS,INDIANA,-73.01300667,-3.56519,108,LAS PALMAS,0,0,0,NA
190,1601040035,LORETO,MAYNAS,INDIANA,-73.02386667,-3.55853667,142,TIMICURO GRANDE,0,0,0,NA
191,1601040036,LORETO,MAYNAS,INDIANA,-73.03787,-3.55198167,127,TIMICURO I ZONA,0,0,0,NA
192,1601040037,LORETO,MAYNAS,INDIANA,-73.11809,-3.56336167,212,SAN RAFAEL,0,0,0,NA
193,1601040038,LORETO,MAYNAS,INDIANA,-72.87605167,-3.55517167,86,PAPARO,2,0,-2,-100
194,1601040039,LORETO,MAYNAS,INDIANA,-73.086095,-3.56457833,107,SANTA VICTORIA,0,0,0,NA
195,1601040040,LORETO,MAYNAS,INDIANA,-73.05703667,-3.59900333,68,YANAYACU TIMICURO,0,0,0,NA
196,1601040041,LORETO,MAYNAS,INDIANA,-73.136705,-3.58725167,246,SINCHICUY,1,1,0,0
197,1601040047,LORETO,MAYNAS,INDIANA,-73.06350728,-3.73763615,41,MONTE CARMELO,0,0,0,NA
198,1601040048,LORETO,MAYNAS,INDIANA,-73.07555663,-3.78009219,53,VILLA ESTHER,1,0,-1,-100
199,1601040049,LORETO,MAYNAS,INDIANA,-72.95773167,-3.60804333,409,SANTA CECILIA,14,22,8,57.14285714
200,1601040050,LORETO,MAYNAS,INDIANA,-72.99207,-3.62889667,50,NUEVO EDEN,0,1,1,Inf
201,1601040051,LORETO,MAYNAS,INDIANA,-72.99715333,-3.66251667,67,NUEVO BERLIN,1,0,-1,-100
202,1601040052,LORETO,MAYNAS,INDIANA,-73.03708167,-3.779365,37,NUEVA ESPERANZA,0,0,0,NA
203,1601040053,LORETO,MAYNAS,INDIANA,-72.99885333,-3.70083167,52,NUEVO SAN PEDRO ALTO MANITI,0,0,0,NA
204,1601040054,LORETO,MAYNAS,INDIANA,-73.04132167,-3.747695,28,11 DE DICIEMBRE,1,0,-1,-100
205,1601040055,LORETO,MAYNAS,INDIANA,-72.96333167,-3.858745,49,NUEVA LIBERTAD,0,0,0,NA
206,1601040056,LORETO,MAYNAS,INDIANA,-73.030265,-3.739735,29,NUEVO SAN JOSE ALTO MANITI,0,0,0,NA
207,1601040057,LORETO,MAYNAS,INDIANA,-73.00501667,-3.79201,67,FILADELFIA,0,0,0,NA
208,1601040058,LORETO,MAYNAS,INDIANA,-72.88696667,-3.45376,131,YANOMONO II ZONA,0,0,0,NA
209,1601040059,LORETO,MAYNAS,INDIANA,-72.93135167,-3.49596333,99,SUNI CAÑO,0,0,0,NA
210,1601040060,LORETO,MAYNAS,INDIANA,-72.98862833,-3.640535,14,FATIMA,0,0,0,NA
211,1601040061,LORETO,MAYNAS,INDIANA,-73.088695,-3.517315,101,JOSE SICHAR VALDEZ,0,0,0,NA
212,1601040063,LORETO,MAYNAS,INDIANA,-72.93850667,-3.85878167,57,NUEVO PORTAL,0,0,0,NA
213,1601040064,LORETO,MAYNAS,INDIANA,-73.061235,-3.56042333,57,SANTA VICTORIA SEGUNDA ZONA,0,0,0,NA
214,1601040067,LORETO,MAYNAS,INDIANA,-73.09166333,-3.62905833,51,SAN PEDRO DE FALCON,0,0,0,NA
215,1601060001,LORETO,MAYNAS,MAZAN,-73.08171601,-3.48847897,4590,MAZAN,16,0,-16,-100
216,1601060002,LORETO,MAYNAS,MAZAN,-73.16007,-3.15758,152,NUEVO SAN JUAN,0,1,1,Inf
217,1601060003,LORETO,MAYNAS,MAZAN,-73.14329167,-3.16276667,52,COPALILLO,1,0,-1,-100
218,1601060004,LORETO,MAYNAS,MAZAN,-73.21573167,-3.17787333,30,PUERTO ABEJA,0,0,0,NA
219,1601060005,LORETO,MAYNAS,MAZAN,-73.25046833,-3.15615833,14,NUEVO IQUITOS,1,1,0,0
220,1601060006,LORETO,MAYNAS,MAZAN,-73.19859167,-3.20578833,119,ORO BLANCO,0,3,3,Inf
221,1601060007,LORETO,MAYNAS,MAZAN,-73.18409,-3.183695,124,NUEVO TRIUNFO,0,2,2,Inf
222,1601060008,LORETO,MAYNAS,MAZAN,-73.18556167,-3.24698167,71,SAN FRANCISCO DE BUEN PASO,4,0,-4,-100
223,1601060009,LORETO,MAYNAS,MAZAN,-72.93024667,-3.243805,99,SUCUSARI,0,3,3,Inf
224,1601060010,LORETO,MAYNAS,MAZAN,-73.19698333,-3.26683667,166,SARA ISLA,0,0,0,NA
225,1601060011,LORETO,MAYNAS,MAZAN,-73.22201667,-3.24344667,79,NUEVO CANTON,0,2,2,Inf
226,1601060012,LORETO,MAYNAS,MAZAN,-72.940015,-3.27786667,83,LLACHAPA,1,0,-1,-100
227,1601060013,LORETO,MAYNAS,MAZAN,-72.90311667,-3.2661,54,SAN JUAN DE LORESTA,0,0,0,NA
228,1601060014,LORETO,MAYNAS,MAZAN,-72.91951667,-3.28767833,52,YARINA ISLA,4,0,-4,-100
229,1601060015,LORETO,MAYNAS,MAZAN,-72.87830167,-3.28024333,111,PUINAHUA,0,0,0,NA
230,1601060016,LORETO,MAYNAS,MAZAN,-72.93219,-3.30590667,83,1 DE ENERO,3,0,-3,-100
231,1601060017,LORETO,MAYNAS,MAZAN,-72.98445167,-3.31058167,84,SANTA LUCIA,0,0,0,NA
232,1601060018,LORETO,MAYNAS,MAZAN,-72.99008333,-3.31579667,89,ISLA TAMANCO,0,0,0,NA
233,1601060019,LORETO,MAYNAS,MAZAN,-73.00378167,-3.317795,82,22 DE NOVIEMBRE,0,0,0,NA
234,1601060020,LORETO,MAYNAS,MAZAN,-73.01342333,-3.32746833,133,SANTA ROSA,1,0,-1,-100
235,1601060021,LORETO,MAYNAS,MAZAN,-73.21567167,-3.31318333,353,HUAMAN URCO,5,30,25,500
236,1601060022,LORETO,MAYNAS,MAZAN,-73.20930667,-3.3528,40,SANTA MARTHA,1,1,0,0
237,1601060023,LORETO,MAYNAS,MAZAN,-73.03295167,-3.34850833,200,YURAC YACU ALTURA,3,3,0,0
238,1601060024,LORETO,MAYNAS,MAZAN,-72.89079,-3.29817667,46,JUVENTUD YARINA,0,0,0,NA
239,1601060025,LORETO,MAYNAS,MAZAN,-72.86296667,-3.32830833,45,LEON ISLA,0,0,0,NA
240,1601060026,LORETO,MAYNAS,MAZAN,-72.83544333,-3.31852667,150,JUANCHO PLAYA,0,0,0,NA
241,1601060027,LORETO,MAYNAS,MAZAN,-72.80737667,-3.30711,173,SAN PEDRO DE MANGUA,1,1,0,0
242,1601060028,LORETO,MAYNAS,MAZAN,-72.78607833,-3.31474,102,CENTRO UNIDO,1,0,-1,-100
243,1601060029,LORETO,MAYNAS,MAZAN,-72.77739167,-3.31857667,187,MANGUA,1,0,-1,-100
244,1601060030,LORETO,MAYNAS,MAZAN,-72.81528667,-3.34816,85,NUEVO SAN MARTIN,0,0,0,NA
245,1601060031,LORETO,MAYNAS,MAZAN,-72.820245,-3.36193833,267,NUÑEZ COCHA,0,0,0,NA
246,1601060032,LORETO,MAYNAS,MAZAN,-72.98909833,-3.364385,375,LAGO YURAC YACU,0,2,2,Inf
247,1601060033,LORETO,MAYNAS,MAZAN,-73.06485,-3.36101333,32,URCO MIRAÑO,1,48,47,4700
248,1601060034,LORETO,MAYNAS,MAZAN,-73.22482833,-3.36417,52,NUEVO PORVENIR,0,0,0,NA
249,1601060035,LORETO,MAYNAS,MAZAN,-73.318555,-3.42775,81,GAMITANA COCHA,4,35,31,775
250,1601060036,LORETO,MAYNAS,MAZAN,-73.016255,-3.37600667,65,NUEVO HORIZONTE,0,1,1,Inf
251,1601060037,LORETO,MAYNAS,MAZAN,-73.20914833,-3.38862833,126,MIRAFLORES,1,2,1,100
252,1601060038,LORETO,MAYNAS,MAZAN,-72.99848,-3.38140833,37,CHISPA DE ORO,0,0,0,NA
253,1601060039,LORETO,MAYNAS,MAZAN,-72.96988167,-3.38290833,96,28 DE OCTUBRE,0,0,0,NA
254,1601060040,LORETO,MAYNAS,MAZAN,-73.02893167,-3.40914333,82,BAGAZAN,0,0,0,NA
255,1601060041,LORETO,MAYNAS,MAZAN,-73.10516667,-3.42202667,183,BELLO HORIZONTE,1,14,13,1300
256,1601060042,LORETO,MAYNAS,MAZAN,-73.19430833,-3.41262667,52,AUCA POZA,0,0,0,NA
257,1601060044,LORETO,MAYNAS,MAZAN,-73.31687833,-3.44883667,62,VISTO BUENO,2,24,22,1100
258,1601060045,LORETO,MAYNAS,MAZAN,-73.20156667,-3.43052167,54,FLOR DE AGOSTO,0,0,0,NA
259,1601060046,LORETO,MAYNAS,MAZAN,-73.07755667,-3.43176167,23,JOSE ABELARDO QUIÑONEZ,0,0,0,NA
260,1601060047,LORETO,MAYNAS,MAZAN,-73.02457833,-3.42608667,157,SAN ANTONIO DE MIRAÑO,0,0,0,NA
261,1601060048,LORETO,MAYNAS,MAZAN,-73.06141167,-3.44534,10,PUNTA ARENA,0,0,0,NA
262,1601060049,LORETO,MAYNAS,MAZAN,-73.15396833,-3.444265,333,EL SALVADOR,1,4,3,300
263,1601060050,LORETO,MAYNAS,MAZAN,-73.118695,-3.46464333,107,SAN ANTONIO DE ZAMBRANO,0,0,0,NA
264,1601060051,LORETO,MAYNAS,MAZAN,-73.06322167,-3.45755167,88,ISRAEL,1,2,1,100
265,1601060052,LORETO,MAYNAS,MAZAN,-73.04441,-3.45963667,94,PETRONA ISLA,0,0,0,NA
266,1601060053,LORETO,MAYNAS,MAZAN,-73.10500833,-3.45232667,41,8 DE OCTUBRE,0,0,0,NA
267,1601060054,LORETO,MAYNAS,MAZAN,-73.17471,-3.45387167,55,SAN PEDRO DE CAYA POZA,0,2,2,Inf
268,1601060055,LORETO,MAYNAS,MAZAN,-73.20032833,-3.47947167,94,1 DE ENERO,1,0,-1,-100
269,1601060056,LORETO,MAYNAS,MAZAN,-73.2344,-3.49693,216,LIBERTAD,25,56,31,124
270,1601060058,LORETO,MAYNAS,MAZAN,-73.12177,-3.478255,59,PINTU LLACTA,0,0,0,NA
271,1601060059,LORETO,MAYNAS,MAZAN,-73.075335,-3.475565,69,CENTRO UNION PARAISO,0,0,0,NA
272,1601060060,LORETO,MAYNAS,MAZAN,-73.06111333,-3.47570667,52,200 MILLAS,1,0,-1,-100
273,1601060061,LORETO,MAYNAS,MAZAN,-73.09772833,-3.47232,51,NUEVO VARADERILLO,0,1,1,Inf
274,1601060062,LORETO,MAYNAS,MAZAN,-73.15576,-3.51807167,328,SANTA CRUZ,8,28,20,250
275,1601060063,LORETO,MAYNAS,MAZAN,-73.12831,-3.49784667,51,BUENA VISTA,1,0,-1,-100
276,1601060064,LORETO,MAYNAS,MAZAN,-73.09297,-3.49021,49,SEÑOR DE LOS MILAGROS,0,0,0,NA
277,1601060065,LORETO,MAYNAS,MAZAN,-73.10232333,-3.50271333,179,SAN JOSE,2,3,1,50
278,1601060066,LORETO,MAYNAS,MAZAN,-73.116555,-3.50974167,236,PUERTO ALEGRE,5,6,1,20
279,1601060067,LORETO,MAYNAS,MAZAN,-73.13228333,-3.51616667,83,14 DE JULIO,1,2,1,100
280,1601060068,LORETO,MAYNAS,MAZAN,-73.14217091,-3.53232084,60,CORAZON DE JESUS,2,2,0,0
281,1601060069,LORETO,MAYNAS,MAZAN,-73.20742667,-3.52296833,45,NUEVO TIWINZA,3,1,-2,-66.66666667
282,1601060070,LORETO,MAYNAS,MAZAN,-73.10992098,-3.51913831,26,TRIUNFO CENTRO VARADERILLO,2,0,-2,-100
283,1601060072,LORETO,MAYNAS,MAZAN,-72.97582833,-3.30509333,39,NUEVO JERUSALEN,0,0,0,NA
284,1601060073,LORETO,MAYNAS,MAZAN,-72.848295,-3.29230667,80,AUCA COCHA,0,0,0,NA
285,1601060074,LORETO,MAYNAS,MAZAN,-72.793945,-3.300955,28,CENTRO BASILIO,0,0,0,NA
286,1601060075,LORETO,MAYNAS,MAZAN,-73.248215,-3.52986,42,4 DE ABRIL,0,0,0,NA
287,1601060076,LORETO,MAYNAS,MAZAN,-73.16633,-3.22458,110,NUEVO ORIENTE,0,0,0,NA
288,1601060077,LORETO,MAYNAS,MAZAN,-73.13507667,-3.18984,50,SANTA ROSA DE TIWINZA,0,0,0,NA
289,1601060078,LORETO,MAYNAS,MAZAN,-73.22601,-3.41239333,59,PUERTO OBRERO,0,0,0,NA
290,1601060079,LORETO,MAYNAS,MAZAN,-73.35085667,-3.36780833,55,NUEVO MAMALLACTA,0,0,0,NA
291,1601080001,LORETO,MAYNAS,PUNCHANA,-73.24192154,-3.72866346,69401,PUNCHANA,81,115,34,41.97530864
292,1601080002,LORETO,MAYNAS,PUNCHANA,-73.2763439,-3.69699391,851,PADRE COCHA,8,134,126,1575
293,1601080003,LORETO,MAYNAS,PUNCHANA,-73.46733333,-3.45291,73,NUEVA YORK,0,49,49,Inf
294,1601080004,LORETO,MAYNAS,PUNCHANA,-73.33083833,-3.49735,13,ALFONSO UGARTE,1,0,-1,-100
295,1601080005,LORETO,MAYNAS,PUNCHANA,-73.44512,-3.48228167,58,MAYNAS,0,1,1,Inf
296,1601080006,LORETO,MAYNAS,PUNCHANA,-73.44386333,-3.488055,29,ALMIRANTE GUISE,0,0,0,NA
297,1601080007,LORETO,MAYNAS,PUNCHANA,-73.44649833,-3.50501167,5,AGRARIO DE SHIMBILLO,0,1,1,Inf
298,1601080008,LORETO,MAYNAS,PUNCHANA,-73.42575,-3.49877667,160,PUNTO ALEGRE,7,102,95,1357.142857
299,1601080009,LORETO,MAYNAS,PUNCHANA,-73.34711,-3.51386,15,ALFONSO UGARTE I ZONA,0,0,0,NA
300,1601080010,LORETO,MAYNAS,PUNCHANA,-73.4033,-3.51105,126,SARGENTO LORES,10,21,11,110
301,1601080011,LORETO,MAYNAS,PUNCHANA,-73.37900667,-3.52946333,43,PUERTO ALICIA,2,4,2,100
302,1601080012,LORETO,MAYNAS,PUNCHANA,-73.38773333,-3.526445,101,SAN LUIS DE VISTA ALEGRE,3,0,-3,-100
303,1601080013,LORETO,MAYNAS,PUNCHANA,-73.18278,-3.58650333,105,SAN JUAN DE SINCHICUY,1,0,-1,-100
304,1601080014,LORETO,MAYNAS,PUNCHANA,-73.38105833,-3.54545833,28,UNION FAMILIAR,8,0,-8,-100
305,1601080015,LORETO,MAYNAS,PUNCHANA,-73.37323333,-3.57043,31,ALMIRANTE MIGUEL GRAU,0,3,3,Inf
306,1601080016,LORETO,MAYNAS,PUNCHANA,-73.36164167,-3.57850667,48,SANTO TOMAS DE CAPIRONAL,0,0,0,NA
307,1601080017,LORETO,MAYNAS,PUNCHANA,-73.25483302,-3.55763609,16,TIERRA HERMOSA,0,0,0,NA
308,1601080019,LORETO,MAYNAS,PUNCHANA,-73.17888333,-3.60110667,36,NUEVO PERU,0,1,1,Inf
309,1601080021,LORETO,MAYNAS,PUNCHANA,-73.16753833,-3.605665,249,SANTA MARIA DE OJEAL,2,1,-1,-50
310,1601080022,LORETO,MAYNAS,PUNCHANA,-73.24495167,-3.56332667,18,SOL NACIENTE,0,0,0,NA
311,1601080023,LORETO,MAYNAS,PUNCHANA,-73.405335,-3.61264167,56,SAN JUAN DE POLIS,12,3,-9,-75
312,1601080024,LORETO,MAYNAS,PUNCHANA,-73.40900833,-3.61422167,11,8 DE SETIEMBRE,0,0,0,NA
313,1601080025,LORETO,MAYNAS,PUNCHANA,-73.18074833,-3.61608667,176,SANTA CLARA TERCERA ZONA,1,0,-1,-100
314,1601080026,LORETO,MAYNAS,PUNCHANA,-73.204945,-3.62761833,95,SANTA CLARA SEGUNDA ZONA,0,0,0,NA
315,1601080027,LORETO,MAYNAS,PUNCHANA,-73.348685,-3.60701167,12,HIPOLITO UNANUE,5,2,-3,-60
316,1601080028,LORETO,MAYNAS,PUNCHANA,-73.191115,-3.62267,242,SANTA CLARA I ZONA,2,0,-2,-100
317,1601080029,LORETO,MAYNAS,PUNCHANA,-73.22029333,-3.63508667,251,CENTRO ARENAL,0,0,0,NA
318,1601080030,LORETO,MAYNAS,PUNCHANA,-73.41238833,-3.616555,9,NUEVO PARAISO,0,0,0,NA
319,1601080031,LORETO,MAYNAS,PUNCHANA,-73.211235,-3.63845833,673,FLORIDA,1,6,5,500
320,1601080032,LORETO,MAYNAS,PUNCHANA,-73.21605833,-3.63917,108,COSTANERA,0,0,0,NA
321,1601080033,LORETO,MAYNAS,PUNCHANA,-73.338885,-3.61542667,17,ROCA FUERTE,6,1,-5,-83.33333333
322,1601080034,LORETO,MAYNAS,PUNCHANA,-73.25873017,-3.64414071,324,PICURO YACU,0,7,7,Inf
323,1601080035,LORETO,MAYNAS,PUNCHANA,-73.21820333,-3.64218833,12,INDELSA,0,0,0,NA
324,1601080036,LORETO,MAYNAS,PUNCHANA,-73.22317595,-3.64464892,130,ASTORIA,0,0,0,NA
325,1601080037,LORETO,MAYNAS,PUNCHANA,-73.23627324,-3.64809064,218,INDEPENDENCIA,0,3,3,Inf
326,1601080038,LORETO,MAYNAS,PUNCHANA,-73.2386822,-3.65558052,85,EL MILAGRO,1,0,-1,-100
327,1601080039,LORETO,MAYNAS,PUNCHANA,-73.32749333,-3.624755,130,CENTRO FUERTE,33,28,-5,-15.15151515
328,1601080040,LORETO,MAYNAS,PUNCHANA,-73.34553368,-3.63327877,20,FLOR DE AGOSTO,3,5,2,66.66666667
329,1601080041,LORETO,MAYNAS,PUNCHANA,-73.33071167,-3.63109667,49,PUERTO GEN GEN,19,0,-19,-100
330,1601080043,LORETO,MAYNAS,PUNCHANA,-73.33344129,-3.64625606,70,NUEVO SAN ANTONIO,5,0,-5,-100
331,1601080044,LORETO,MAYNAS,PUNCHANA,-73.26737721,-3.69541923,47,SAN FERNANDO,0,2,2,Inf
332,1601080045,LORETO,MAYNAS,PUNCHANA,-73.325278,-3.670301,3,PROGRESO I ZONA,1,2,1,100
333,1601080046,LORETO,MAYNAS,PUNCHANA,-73.244681,-3.6612978,209,SANTA CLOTILDE,3,0,-3,-100
334,1601080047,LORETO,MAYNAS,PUNCHANA,-73.34064697,-3.67270376,34,PROGRESO II ZONA,5,0,-5,-100
335,1601080048,LORETO,MAYNAS,PUNCHANA,-73.307775,-3.65134667,40,SANTA ROSA,4,3,-1,-25
336,1601080049,LORETO,MAYNAS,PUNCHANA,-73.269975,-3.673655,46,MOMONCILLO,2,20,18,900
337,1601080050,LORETO,MAYNAS,PUNCHANA,-73.29605333,-3.65649667,24,PORVENIR,17,2,-15,-88.23529412
338,1601080051,LORETO,MAYNAS,PUNCHANA,-73.38177373,-3.69083149,27,FRAY MARTIN,4,2,-2,-50
339,1601080052,LORETO,MAYNAS,PUNCHANA,-73.40737512,-3.70079268,6,NUEVA PRIMAVERA,0,0,0,NA
340,1601080053,LORETO,MAYNAS,PUNCHANA,-73.29170002,-3.68465165,58,SAN ANDRES,5,2,-3,-60
341,1601080054,LORETO,MAYNAS,PUNCHANA,-73.24873731,-3.69867664,70,LUPUNILLO,0,0,0,NA
342,1601080055,LORETO,MAYNAS,PUNCHANA,-73.25461996,-3.69087544,383,SANTO TOMAS,14,11,-3,-21.42857143
343,1601080060,LORETO,MAYNAS,PUNCHANA,-73.25994,-3.62773833,93,SAN ANTONIO,0,0,0,NA
344,1601080061,LORETO,MAYNAS,PUNCHANA,-73.1917658,-3.57774217,20,DIECIOCHO DE ENERO,0,0,0,NA
345,1601080062,LORETO,MAYNAS,PUNCHANA,-73.29651605,-3.68587945,56,NUEVA VIDA,0,0,0,NA
346,1601120001,LORETO,MAYNAS,BELEN,-73.26003757,-3.76906049,56462,BELEN,65,24,-41,-63.07692308
347,1601120002,LORETO,MAYNAS,BELEN,-73.1566647,-3.62206511,19,SANTA ZULEMA,0,0,0,NA
348,1601120003,LORETO,MAYNAS,BELEN,-73.13526609,-3.60484981,240,SANTA MARIA DE FATIMA,0,1,1,Inf
349,1601120004,LORETO,MAYNAS,BELEN,-73.14061769,-3.62822555,53,NUEVA AMAZONIA,0,0,0,NA
350,1601120005,LORETO,MAYNAS,BELEN,-73.12492762,-3.66328698,51,CABO PANTOJA,0,0,0,NA
351,1601120007,LORETO,MAYNAS,BELEN,-73.18686702,-3.66711636,152,SANTA MARTHA,3,0,-3,-100
352,1601120008,LORETO,MAYNAS,BELEN,-73.16805844,-3.67653282,134,CAROCOCHA,1,0,-1,-100
353,1601120009,LORETO,MAYNAS,BELEN,-73.22458,-3.72232333,125,SAN JUAN DE PADRECOCHA,0,0,0,NA
354,1601120010,LORETO,MAYNAS,BELEN,-73.13392167,-3.68512,84,JUAN VELASCO ALVARADO,0,0,0,NA
355,1601120011,LORETO,MAYNAS,BELEN,-73.23135167,-3.733295,580,ISLA IQUITOS,0,0,0,NA
356,1601120012,LORETO,MAYNAS,BELEN,-73.16636218,-3.6918341,45,PADRE ISLA I ZONA,0,0,0,NA
357,1601120013,LORETO,MAYNAS,BELEN,-73.12984153,-3.62495081,118,SAN JUAN DE HUASHALADO,0,0,0,NA
358,1601120014,LORETO,MAYNAS,BELEN,-73.14262455,-3.66615022,92,SAN PEDRO DE HUASHALADO,0,0,0,NA
359,1601120015,LORETO,MAYNAS,BELEN,-73.16695333,-3.70753,104,SANTA ROSA DEL AMAZONAS,0,0,0,NA
360,1601120016,LORETO,MAYNAS,BELEN,-73.20146289,-3.67428573,25,DOS DE MAYO,0,0,0,NA
361,1601120017,LORETO,MAYNAS,BELEN,-73.231355,-3.73024833,385,PROGRESO,0,0,0,NA
362,1601120019,LORETO,MAYNAS,BELEN,-73.18427667,-3.72144667,3,BUENOS AIRES,1,0,-1,-100
363,1601120021,LORETO,MAYNAS,BELEN,-73.20093167,-3.70791667,175,RAFAEL BELAUNDE,1,0,-1,-100
364,1601120022,LORETO,MAYNAS,BELEN,-73.148155,-3.76564667,108,CENTRO UNION LUPUNA,0,0,0,NA
365,1601120023,LORETO,MAYNAS,BELEN,-73.159265,-3.74691667,95,LUPUNA II ZONA,11,0,-11,-100
366,1601120024,LORETO,MAYNAS,BELEN,-73.15248333,-3.76948167,7,LUPUNA I ZONA,0,0,0,NA
367,1601120026,LORETO,MAYNAS,BELEN,-73.22502215,-3.7781259,85,MOHENA CAÑO,0,2,2,Inf
368,1601120027,LORETO,MAYNAS,BELEN,-73.17428102,-3.78420867,130,CAÑAVERAL,0,0,0,NA
369,1601120029,LORETO,MAYNAS,BELEN,-73.23975339,-3.76856408,93,NUEVO SAN JOSE,0,0,0,NA
370,1601120030,LORETO,MAYNAS,BELEN,-73.24315764,-3.76944022,993,SAN JOSE,0,1,1,Inf
371,1601120031,LORETO,MAYNAS,BELEN,-73.24909173,-3.76602796,694,SAN FRANCISCO,0,0,0,NA
372,1601120032,LORETO,MAYNAS,BELEN,-73.251935,-3.76739333,538,SAN ANDRES,1,1,0,0
373,1601120033,LORETO,MAYNAS,BELEN,-73.25857167,-3.7718,237,NUEVO CAMPEON,0,0,0,NA
374,1601120034,LORETO,MAYNAS,BELEN,-73.18889631,-3.76987895,53,SAN MIGUEL,0,0,0,NA
375,1601120035,LORETO,MAYNAS,BELEN,-73.14846333,-3.80451667,75,SAN ANTONIO DE GALLITO(SAN ANTONIO),0,0,0,NA
376,1601120043,LORETO,MAYNAS,BELEN,-73.25438521,-3.83019573,41,SAN PABLO DE LUPUNILLO,0,0,0,NA
377,1601120044,LORETO,MAYNAS,BELEN,-73.22662754,-3.83154369,47,CENTRO MAZANA II ZONA,0,0,0,NA
378,1601120045,LORETO,MAYNAS,BELEN,-73.23652811,-3.8047602,10,CENTRO MAZANA I ZONA,3,0,-3,-100
379,1601120046,LORETO,MAYNAS,BELEN,-73.2486363,-3.77765436,61,8 DE DICIEMBRE,0,0,0,NA
380,1601120047,LORETO,MAYNAS,BELEN,-73.26444382,-3.79285923,19,PUERTO ALEGRIA II ZONA,1,0,-1,-100
381,1601120048,LORETO,MAYNAS,BELEN,-73.29851576,-3.82627993,157,PUERTO ALEGRIA I ZONA,6,2,-4,-66.66666667
382,1601120049,LORETO,MAYNAS,BELEN,-73.32015978,-3.93563968,147,SAN JUAN DE MUNICH,17,4,-13,-76.47058824
383,1601120050,LORETO,MAYNAS,BELEN,-73.34552484,-3.97920777,50,28 DE JULIO,4,2,-2,-50
384,1601120052,LORETO,MAYNAS,BELEN,-73.25345754,-3.78140568,491,CABO LOPEZ,0,0,0,NA
385,1601120056,LORETO,MAYNAS,BELEN,-73.35202051,-3.99161597,91,LIMON,1,2,1,100
386,1601120057,LORETO,MAYNAS,BELEN,-73.21937381,-3.82917833,73,MAZANILLO,1,0,-1,-100
387,1601120058,LORETO,MAYNAS,BELEN,-73.38380827,-4.09163987,49,PEÑA BLANCA,5,0,-5,-100
388,1601120061,LORETO,MAYNAS,BELEN,-73.10712316,-3.6514003,176,YANAYACU DE BOMBONAJE,0,0,0,NA
389,1601120062,LORETO,MAYNAS,BELEN,-73.074015,-3.68472833,183,GENERAL MERINO,0,0,0,NA
390,1601120063,LORETO,MAYNAS,BELEN,-73.07497667,-3.71336667,58,NUEVO HUMARAL,0,0,0,NA
391,1601120064,LORETO,MAYNAS,BELEN,-73.19142824,-3.80918798,186,CANTA GALLO,1,1,0,0
392,1601120065,LORETO,MAYNAS,BELEN,-73.23633457,-3.85641982,106,SANTA ROSA DE MUYUY,0,0,0,NA
393,1601120066,LORETO,MAYNAS,BELEN,-73.22901333,-3.71813167,188,GABRIELA NUÑEZ,0,0,0,NA
394,1601120067,LORETO,MAYNAS,BELEN,-73.24473664,-3.87770348,151,DOS DE MAYO,0,0,0,NA
395,1601120068,LORETO,MAYNAS,BELEN,-73.23009559,-3.85896278,2,YARINACOCHA,0,0,0,NA
396,1601120069,LORETO,MAYNAS,BELEN,-73.17900167,-3.760615,57,11 DE NOVIEMBRE,0,0,0,NA
397,1601120070,LORETO,MAYNAS,BELEN,-73.20528131,-3.66201757,0,SEÑOR DE LOS MILAGROS,0,0,0,NA
398,1601120071,LORETO,MAYNAS,BELEN,-73.20446999,-3.67444254,28,NUEVO JERUSALEN,0,0,0,NA
399,1601120072,LORETO,MAYNAS,BELEN,-73.18415054,-3.65200202,7,SANTA CRUZ,0,0,0,NA
400,1601120073,LORETO,MAYNAS,BELEN,-73.23576236,-3.78823079,51,USHPA CAÑO,0,0,0,NA
401,1601120076,LORETO,MAYNAS,BELEN,-73.31897712,-3.88145797,25,5 DE DICIEMBRE,0,0,0,NA
402,1601120077,LORETO,MAYNAS,BELEN,-73.26704617,-3.94840112,53,AUGUSTO FREYRE GARCIA,0,0,0,NA
403,1601120079,LORETO,MAYNAS,BELEN,-73.24323092,-3.79953423,8,SEÑOR DE LOS MILAGROS,0,0,0,NA
404,1601120081,LORETO,MAYNAS,BELEN,-73.19185883,-3.74421827,18,NUEVO BELEN,0,0,0,NA
405,1601130001,LORETO,MAYNAS,SAN JUAN BAUTISTA,-73.28028682,-3.77025398,99151,SAN JUAN,847,81,-766,-90.43683589
406,1601130002,LORETO,MAYNAS,SAN JUAN BAUTISTA,-73.31310459,-3.77936793,2375,RUMOCOCHA,32,58,26,81.25
407,1601130003,LORETO,MAYNAS,SAN JUAN BAUTISTA,-73.33933506,-3.78528618,4746,SANTA CLARA,450,133,-317,-70.44444444
408,1601130004,LORETO,MAYNAS,SAN JUAN BAUTISTA,-73.37801906,-3.83172497,201,PUERTO ALMENDRAS,18,35,17,94.44444444
409,1601130005,LORETO,MAYNAS,SAN JUAN BAUTISTA,-73.38588097,-3.84475954,672,NINA RUMI,29,88,59,203.4482759
410,1601130006,LORETO,MAYNAS,SAN JUAN BAUTISTA,-73.40965762,-3.8580722,267,LLANCHAMA,66,106,40,60.60606061
411,1601130007,LORETO,MAYNAS,SAN JUAN BAUTISTA,-73.45722323,-3.87566379,25,SAN MARTIN,0,0,0,NA
412,1601130008,LORETO,MAYNAS,SAN JUAN BAUTISTA,-73.49194551,-3.8814472,34,MISHANA,5,4,-1,-20
413,1601130009,LORETO,MAYNAS,SAN JUAN BAUTISTA,-73.54985013,-3.90175152,23,YUTO,0,0,0,NA
414,1601130010,LORETO,MAYNAS,SAN JUAN BAUTISTA,-73.55789233,-3.90045302,42,PORVENIR,0,2,2,Inf
415,1601130011,LORETO,MAYNAS,SAN JUAN BAUTISTA,-73.54747505,-3.8943599,20,15 DE ABRIL,0,1,1,Inf
416,1601130012,LORETO,MAYNAS,SAN JUAN BAUTISTA,-73.36157189,-3.96621618,35,3 DE OCTUBRE,0,0,0,NA
417,1601130013,LORETO,MAYNAS,SAN JUAN BAUTISTA,-73.38412631,-3.97822655,23,BELEN DE JUDA,0,0,0,NA
418,1601130014,LORETO,MAYNAS,SAN JUAN BAUTISTA,-73.36652833,-4.00031,22,SAN PEDRO,1,1,0,0
419,1601130015,LORETO,MAYNAS,SAN JUAN BAUTISTA,-73.34066492,-3.80506859,1214,SANTO TOMAS,264,51,-213,-80.68181818
420,1601130017,LORETO,MAYNAS,SAN JUAN BAUTISTA,-73.32617853,-3.82299905,2172,QUISTOCOCHA,85,59,-26,-30.58823529
421,1601130018,LORETO,MAYNAS,SAN JUAN BAUTISTA,-73.35497278,-3.82858323,813,ZUNGARO COCHA,120,134,14,11.66666667
422,1601130020,LORETO,MAYNAS,SAN JUAN BAUTISTA,-73.39309,-4.00329833,31,5 DE JUNIO,0,0,0,NA
423,1601130021,LORETO,MAYNAS,SAN JUAN BAUTISTA,-73.37153,-4.00266667,54,PALO SECO,1,1,0,0
424,1601130022,LORETO,MAYNAS,SAN JUAN BAUTISTA,-73.33677619,-3.86314736,736,PEÑA NEGRA,1,4,3,300
425,1601130023,LORETO,MAYNAS,SAN JUAN BAUTISTA,-73.37922,-4.025535,139,SAN ANTONIO,6,0,-6,-100
426,1601130024,LORETO,MAYNAS,SAN JUAN BAUTISTA,-73.3514168,-3.88769028,743,VARILLAL,9,64,55,611.1111111
427,1601130025,LORETO,MAYNAS,SAN JUAN BAUTISTA,-73.34036587,-3.91543623,201,MORALILLO,2,2,0,0
428,1601130026,LORETO,MAYNAS,SAN JUAN BAUTISTA,-73.39156817,-3.93173572,123,SAN JOSE,1,2,1,100
429,1601130027,LORETO,MAYNAS,SAN JUAN BAUTISTA,-73.41363058,-3.90626751,36,NUEVA ESPERANZA,1,0,-1,-100
430,1601130028,LORETO,MAYNAS,SAN JUAN BAUTISTA,-73.40641991,-3.95416547,90,EL DORADO,2,1,-1,-50
431,1601130029,LORETO,MAYNAS,SAN JUAN BAUTISTA,-73.42367167,-4.02111,16,24 DE JUNIO,0,0,0,NA
432,1601130030,LORETO,MAYNAS,SAN JUAN BAUTISTA,-73.46996833,-4.00331,51,PAUJIL II ZONA,0,0,0,NA
433,1601130031,LORETO,MAYNAS,SAN JUAN BAUTISTA,-73.43398833,-4.01441,670,13 DE FEBRERO,29,0,-29,-100
434,1601130032,LORETO,MAYNAS,SAN JUAN BAUTISTA,-73.43765833,-4.0423,145,PAUJIL I ZONA,2,0,-2,-100
435,1601130033,LORETO,MAYNAS,SAN JUAN BAUTISTA,-73.44562833,-4.07166333,308,NUEVO HORIZONTE,0,0,0,NA
436,1601130034,LORETO,MAYNAS,SAN JUAN BAUTISTA,-73.37464131,-3.93826106,163,NUEVO MILAGRO,1,0,-1,-100
437,1601130035,LORETO,MAYNAS,SAN JUAN BAUTISTA,-73.38244667,-4.04058833,60,PARAISO,0,3,3,Inf
438,1601130036,LORETO,MAYNAS,SAN JUAN BAUTISTA,-73.36246788,-3.94905989,65,VILLA EL BUEN PASTOR,1,0,-1,-100
439,1601130037,LORETO,MAYNAS,SAN JUAN BAUTISTA,-73.45324768,-4.09461147,796,EX PETROLERO I ZONA,4,3,-1,-25
440,1601130039,LORETO,MAYNAS,SAN JUAN BAUTISTA,-73.47498,-4.06482667,9,EX PETROLEROS II ZONA,1,0,-1,-100
441,1601130040,LORETO,MAYNAS,SAN JUAN BAUTISTA,-73.40280762,-4.10303534,21,SAN PEDRO PINTUYACU,1,0,-1,-100
442,1601130041,LORETO,MAYNAS,SAN JUAN BAUTISTA,-73.38293,-4.06206667,48,SANTA MARTHA,0,0,0,NA
443,1601130042,LORETO,MAYNAS,SAN JUAN BAUTISTA,-73.38077167,-4.07044167,68,NUEVA SANTA ELOYSA,0,0,0,NA
444,1601130043,LORETO,MAYNAS,SAN JUAN BAUTISTA,-73.41596056,-4.12752262,16,UNION,76,8,-68,-89.47368421
445,1601130044,LORETO,MAYNAS,SAN JUAN BAUTISTA,-73.44824612,-4.12383685,43,10 DE OCTUBRE I ZONA,0,0,0,NA
446,1601130045,LORETO,MAYNAS,SAN JUAN BAUTISTA,-73.45458188,-4.10399729,186,SAN LUCAS,13,1,-12,-92.30769231
447,1601130046,LORETO,MAYNAS,SAN JUAN BAUTISTA,-73.47430958,-4.15414854,112,EL TRIUNFO,2,0,-2,-100
448,1601130047,LORETO,MAYNAS,SAN JUAN BAUTISTA,-73.40971593,-4.15057251,45,NUEVA VIDA,0,0,0,NA
449,1601130048,LORETO,MAYNAS,SAN JUAN BAUTISTA,-73.39520423,-4.16346729,40,VARADERO DE OMAGUAS,1,0,-1,-100
450,1601130049,LORETO,MAYNAS,SAN JUAN BAUTISTA,-73.47927617,-4.20319063,112,HABANA,0,0,0,NA
451,1601130051,LORETO,MAYNAS,SAN JUAN BAUTISTA,-73.4264239,-4.20772853,54,NUEVO PROGRESO,0,0,0,NA
452,1601130052,LORETO,MAYNAS,SAN JUAN BAUTISTA,-73.41395991,-4.18763288,44,NUEVO SAN MARTIN,0,0,0,NA
453,1601130054,LORETO,MAYNAS,SAN JUAN BAUTISTA,-73.4667335,-4.22314443,89,NUEVO MIRAFLORES,0,0,0,NA
454,1601130055,LORETO,MAYNAS,SAN JUAN BAUTISTA,-73.48396804,-4.2192984,244,12 DE ABRIL,0,0,0,NA
455,1601130056,LORETO,MAYNAS,SAN JUAN BAUTISTA,-73.48743542,-4.23084623,794,CAHUIDE,6,24,18,300
456,1601130057,LORETO,MAYNAS,SAN JUAN BAUTISTA,-73.54844922,-4.24647245,61,12 DE OCTUBRE,1,0,-1,-100
457,1601130058,LORETO,MAYNAS,SAN JUAN BAUTISTA,-73.59796791,-4.26681306,109,MELITON CARBAJAL,0,0,0,NA
458,1601130059,LORETO,MAYNAS,SAN JUAN BAUTISTA,-73.63466052,-4.28190643,64,LUZ DE ORIENTE,0,2,2,Inf
459,1601130060,LORETO,MAYNAS,SAN JUAN BAUTISTA,-73.59216274,-4.27150866,63,28 DE ENERO,0,0,0,NA
460,1601130061,LORETO,MAYNAS,SAN JUAN BAUTISTA,-73.71312806,-4.28055309,38,NUEVA VILLA BELEN,0,0,0,NA
461,1601130063,LORETO,MAYNAS,SAN JUAN BAUTISTA,-73.3225133,-3.89895904,17,BUENA ESPERANZA,0,0,0,NA
462,1601130064,LORETO,MAYNAS,SAN JUAN BAUTISTA,-73.329072,-3.9441153,40,SANTA BARBARA,0,0,0,NA
463,1601130065,LORETO,MAYNAS,SAN JUAN BAUTISTA,-73.34505209,-3.9591304,86,SAN CARLOS,3,4,1,33.33333333
464,1601130066,LORETO,MAYNAS,SAN JUAN BAUTISTA,-73.36098839,-3.98311129,98,SOLEDAD,7,1,-6,-85.71428571
465,1601130067,LORETO,MAYNAS,SAN JUAN BAUTISTA,-73.66262423,-3.91257069,22,ANGUILLA,0,0,0,NA
466,1601130069,LORETO,MAYNAS,SAN JUAN BAUTISTA,-73.33940007,-3.84478612,4366,LOS DELFINES,0,0,0,NA
467,1601130070,LORETO,MAYNAS,SAN JUAN BAUTISTA,-73.33871702,-3.85680926,216,UNION PROGRESO,0,0,0,NA
468,1601130072,LORETO,MAYNAS,SAN JUAN BAUTISTA,-73.497335,-3.96781667,4,YARANA,0,0,0,NA
469,1601130074,LORETO,MAYNAS,SAN JUAN BAUTISTA,-73.42644667,-4.05018,50,ANGEL CARDENAS,0,0,0,NA
470,1601130077,LORETO,MAYNAS,SAN JUAN BAUTISTA,-73.39512333,-4.08207333,12,CREACION 2000,0,0,0,NA
471,1601130078,LORETO,MAYNAS,SAN JUAN BAUTISTA,-73.49783532,-4.12628745,16,NUEVO TRIUNFO,0,0,0,NA
472,1601130079,LORETO,MAYNAS,SAN JUAN BAUTISTA,-73.49032963,-4.16213717,59,HUAMBE,0,0,0,NA
473,1601130080,LORETO,MAYNAS,SAN JUAN BAUTISTA,-73.56663312,-4.22379311,18,CIUDAD SALTELITE,0,0,0,NA
474,1601130081,LORETO,MAYNAS,SAN JUAN BAUTISTA,-73.53959566,-4.21582915,28,AGUA BLANCA,0,0,0,NA
475,1601130082,LORETO,MAYNAS,SAN JUAN BAUTISTA,-73.46200775,-4.15308977,86,10 DE OCTUBRE II ZONA,0,0,0,NA
476,1601130083,LORETO,MAYNAS,SAN JUAN BAUTISTA,-73.45162166,-4.22239955,13,LOS CEDROS,0,0,0,NA
477,1601130084,LORETO,MAYNAS,SAN JUAN BAUTISTA,-73.5459997,-4.26020922,10,HUASCAR,0,0,0,NA
478,1601130086,LORETO,MAYNAS,SAN JUAN BAUTISTA,-73.53153941,-4.33036167,104,NUEVO SAN JUAN,0,0,0,NA
479,1601130088,LORETO,MAYNAS,SAN JUAN BAUTISTA,-73.48356249,-4.12184415,20,SANTA CATALINA,0,0,0,NA
480,1601130089,LORETO,MAYNAS,SAN JUAN BAUTISTA,-73.45847309,-4.14976955,17,23 DE FEBRERO,0,0,0,NA
481,1601130090,LORETO,MAYNAS,SAN JUAN BAUTISTA,-73.43787941,-4.17905447,31,SAN MARTIN II ZONA,0,0,0,NA
482,1601130092,LORETO,MAYNAS,SAN JUAN BAUTISTA,-73.40038594,-4.19001205,1,SAN MARTIN,0,0,0,NA
483,1601130093,LORETO,MAYNAS,SAN JUAN BAUTISTA,-73.34769901,-3.87406242,1155,CALIPSO,0,0,0,NA
484,1601130095,LORETO,MAYNAS,SAN JUAN BAUTISTA,-73.33290659,-3.79827427,968,LA PAZ,0,0,0,NA
485,1601130097,LORETO,MAYNAS,SAN JUAN BAUTISTA,-73.33552296,-3.83015155,98,SHUSHUNA,0,0,0,NA
486,1601130098,LORETO,MAYNAS,SAN JUAN BAUTISTA,-73.37349268,-3.85317052,178,VILLA CRUZ,0,0,0,NA
487,1601130099,LORETO,MAYNAS,SAN JUAN BAUTISTA,-73.45509808,-4.05684503,242,SAN CIRILO,0,0,0,NA
488,1601130100,LORETO,MAYNAS,SAN JUAN BAUTISTA,-73.359465,-3.79616468,134,GEDEONES,0,0,0,NA
489,1601130101,LORETO,MAYNAS,SAN JUAN BAUTISTA,-73.32575277,-3.80652754,394,31 DE AGOSTO,0,0,0,NA
490,1603010001,LORETO,LORETO,NAUTA,-73.56942479,-4.50152167,19551,NAUTA,195,180,-15,-7.692307692
491,1603010002,LORETO,LORETO,NAUTA,-73.44709183,-4.40973844,335,GRAU,1,1,0,0
492,1603010003,LORETO,LORETO,NAUTA,-73.90561178,-4.51246238,852,SAN REGIS,3,1,-2,-66.66666667
493,1603010004,LORETO,LORETO,NAUTA,-73.43272833,-4.284605,478,SAN JOAQUIN DE OMAGUAS,4,1,-3,-75
494,1603010005,LORETO,LORETO,NAUTA,-73.43919167,-4.296115,164,BUENA UNION,0,0,0,NA
495,1603010006,LORETO,LORETO,NAUTA,-73.45259667,-4.31003667,70,1 DE MAYO,0,0,0,NA
496,1603010007,LORETO,LORETO,NAUTA,-73.45745833,-4.31771333,246,SAN JUAN DE PURITANIA,1,0,-1,-100
497,1603010008,LORETO,LORETO,NAUTA,-73.47239333,-4.35167667,19,VILLA PUERTO CRUZ,0,0,0,NA
498,1603010009,LORETO,LORETO,NAUTA,-73.46974167,-4.33757833,84,NUEVO MUNDO,0,0,0,NA
499,1603010010,LORETO,LORETO,NAUTA,-73.48214333,-4.38926333,11,TIERRA PROMETIDA,1,1,0,0
500,1603010011,LORETO,LORETO,NAUTA,-73.47628167,-4.36324833,107,SAN RAFAEL DE TAPIRILLO,1,0,-1,-100
501,1603010012,LORETO,LORETO,NAUTA,-73.48433833,-4.39926833,35,BETSAIDA,0,0,0,NA
502,1603010013,LORETO,LORETO,NAUTA,-73.438675,-4.35748833,45,SANTA MARIA DE FATIMA,0,0,0,NA
503,1603010014,LORETO,LORETO,NAUTA,-73.44169167,-4.39306333,186,HIPOLITO UNANUE,0,1,1,Inf
504,1603010015,LORETO,LORETO,NAUTA,-74.210435,-4.10232833,42,VICTOR RAUL,2,2,0,0
505,1603010016,LORETO,LORETO,NAUTA,-74.210325,-4.195705,91,SANTA EMILIA,2,9,7,350
506,1603010017,LORETO,LORETO,NAUTA,-74.16705667,-4.220325,25,28 DE JULIO,0,1,1,Inf
507,1603010018,LORETO,LORETO,NAUTA,-73.49531333,-4.42702,215,PAYOROTE,0,0,0,NA
508,1603010019,LORETO,LORETO,NAUTA,-73.51534667,-4.4471,273,SAN FRANCISCO,1,0,-1,-100
509,1603010020,LORETO,LORETO,NAUTA,-74.15047667,-4.25318833,96,EL CERRO,1,2,1,100
510,1603010021,LORETO,LORETO,NAUTA,-74.17727333,-4.327995,25,NUEVA UNION,0,2,2,Inf
511,1603010022,LORETO,LORETO,NAUTA,-74.11237667,-4.35327833,17,NUEVA CONQUISTA,1,0,-1,-100
512,1603010024,LORETO,LORETO,NAUTA,-73.54581,-4.48026333,170,SANTA CRUZ,1,0,-1,-100
513,1603010025,LORETO,LORETO,NAUTA,-74.294275,-4.32122833,581,NUEVA YORK,8,12,4,50
514,1603010026,LORETO,LORETO,NAUTA,-74.495735,-4.39930667,41,SAN FRANCISCO DEL CHOROY ACU,0,0,0,NA
515,1603010031,LORETO,LORETO,NAUTA,-74.45905167,-4.41848167,24,PUERTO ALEGRIA,2,0,-2,-100
516,1603010032,LORETO,LORETO,NAUTA,-74.085345,-4.46898333,331,MIRAFLORES,30,5,-25,-83.33333333
517,1603010033,LORETO,LORETO,NAUTA,-73.828615,-4.55804167,47,VILLA BUENA VIDA (NUEVA VIDA),0,0,0,NA
518,1603010034,LORETO,LORETO,NAUTA,-73.92561,-4.49666167,49,MONTE ALEGRE,0,1,1,Inf
519,1603010035,LORETO,LORETO,NAUTA,-73.97532167,-4.47994167,88,PAMPA CAÑO,0,0,0,NA
520,1603010036,LORETO,LORETO,NAUTA,-74.07645,-4.47462833,112,PUERTO ORLANDO,1,0,-1,-100
521,1603010037,LORETO,LORETO,NAUTA,-74.12216167,-4.48694333,134,LISBOA,3,2,-1,-33.33333333
522,1603010039,LORETO,LORETO,NAUTA,-74.03936667,-4.48224,154,SOLTERITOS,0,0,0,NA
523,1603010040,LORETO,LORETO,NAUTA,-73.780635,-4.55089333,21,VILLA BUEN FIN,0,0,0,NA
524,1603010041,LORETO,LORETO,NAUTA,-73.60862,-4.54254833,10,TUPAC AMARU II,2,0,-2,-100
525,1603010042,LORETO,LORETO,NAUTA,-74.10049833,-4.49049167,92,ESPARTA,0,0,0,NA
526,1603010043,LORETO,LORETO,NAUTA,-73.87074167,-4.53172167,97,SAN JACINTO,0,0,0,NA
527,1603010044,LORETO,LORETO,NAUTA,-73.61917167,-4.55263,21,SAN ANTONIO,0,1,1,Inf
528,1603010046,LORETO,LORETO,NAUTA,-73.85850667,-4.54181167,84,23 DE JUNIO,0,0,0,NA
529,1603010048,LORETO,LORETO,NAUTA,-73.63559833,-4.55862,36,SAN JOSE DE SARAPANGA,0,0,0,NA
530,1603010049,LORETO,LORETO,NAUTA,-73.797815,-4.56507167,7,ACCION POPULAR,0,0,0,NA
531,1603010050,LORETO,LORETO,NAUTA,-73.786245,-4.56853833,37,VILLA NUEVO CRUZADORES,0,0,0,NA
532,1603010051,LORETO,LORETO,NAUTA,-74.19291,-4.49599667,208,SAN JUAN DE LAGUNILLAS,0,2,2,Inf
533,1603010052,LORETO,LORETO,NAUTA,-74.10425333,-4.51507167,241,BAGAZAN,0,0,0,NA
534,1603010053,LORETO,LORETO,NAUTA,-74.09740167,-4.520515,63,SAN RAMON,0,0,0,NA
535,1603010054,LORETO,LORETO,NAUTA,-73.83497167,-4.58064333,218,GRAN PUNTA,1,0,-1,-100
536,1603010055,LORETO,LORETO,NAUTA,-74.126415,-4.492,97,ALIANZA,2,2,0,0
537,1603010056,LORETO,LORETO,NAUTA,-74.161205,-4.51004833,112,SAN MARTIN,0,1,1,Inf
538,1603010057,LORETO,LORETO,NAUTA,-74.04868667,-4.49458333,128,NUEVO MIRAFLORES,0,1,1,Inf
539,1603010058,LORETO,LORETO,NAUTA,-73.84968833,-4.58176167,13,PUERTO PERU,0,0,0,NA
540,1603010061,LORETO,LORETO,NAUTA,-73.81767833,-4.61111,142,SAN PEDRO (1 ZONA),6,1,-5,-83.33333333
541,1603010062,LORETO,LORETO,NAUTA,-74.20002667,-4.5456,80,FIRMEZA,0,1,1,Inf
542,1603010063,LORETO,LORETO,NAUTA,-74.013155,-4.50846667,397,PALIZADA,1,0,-1,-100
543,1603010064,LORETO,LORETO,NAUTA,-73.7958,-4.61514167,116,SAN PEDRO (2 ZONA),0,0,0,NA
544,1603010065,LORETO,LORETO,NAUTA,-73.77648667,-4.57266,42,VILLA CRISTIANA,0,0,0,NA
545,1603010066,LORETO,LORETO,NAUTA,-73.671045,-4.56314167,15,VILLA LUCERNA,1,0,-1,-100
546,1603010067,LORETO,LORETO,NAUTA,-73.66140333,-4.56329,94,SANTA RITA DE FLORIDA,0,0,0,NA
547,1603010068,LORETO,LORETO,NAUTA,-73.68986167,-4.57051333,381,NUEVE DE OCTUBRE,1,2,1,100
548,1603010069,LORETO,LORETO,NAUTA,-73.79149334,-4.62204594,0,SANTA ROSA,3,0,-3,-100
549,1603010070,LORETO,LORETO,NAUTA,-73.76977667,-4.57414667,89,BUEN PASTOR,0,0,0,NA
550,1603010071,LORETO,LORETO,NAUTA,-73.71065333,-4.5728,0,SARGENTO ELMER PACAYA,0,0,0,NA
551,1603010072,LORETO,LORETO,NAUTA,-73.73423167,-4.57431667,270,SAN JORGE,0,0,0,NA
552,1603010073,LORETO,LORETO,NAUTA,-74.10241667,-4.54907,317,SUCRE,1,0,-1,-100
553,1603010074,LORETO,LORETO,NAUTA,-73.766205,-4.57429333,283,VILLA CANAAN,0,0,0,NA
554,1603010075,LORETO,LORETO,NAUTA,-73.74192333,-4.57399,101,JOSE OLAYA,0,0,0,NA
555,1603010077,LORETO,LORETO,NAUTA,-73.75494167,-4.57480333,131,SANTA FE,4,1,-3,-75
556,1603010078,LORETO,LORETO,NAUTA,-73.77809667,-4.61812333,75,BAGAZAN,0,0,0,NA
557,1603010079,LORETO,LORETO,NAUTA,-74.094815,-4.460685,32,BELLO HORIZONTE,1,1,0,0
558,1603010080,LORETO,LORETO,NAUTA,-74.07978833,-4.558675,114,2 DE MAYO,1,1,0,0
559,1603010081,LORETO,LORETO,NAUTA,-73.718045,-4.58140167,26,LAS PALMAS,0,0,0,NA
560,1603010082,LORETO,LORETO,NAUTA,-73.76964167,-4.60512333,62,PEÑA NEGRA,0,0,0,NA
561,1603010083,LORETO,LORETO,NAUTA,-73.73262833,-4.60144333,0,NUEVO SAN ISIDRO,0,0,0,NA
562,1603010084,LORETO,LORETO,NAUTA,-73.75913667,-4.610455,21,LAS MALVINAS,0,0,0,NA
563,1603010085,LORETO,LORETO,NAUTA,-73.78709833,-4.64757333,23,SANTO DOMINGO,0,0,0,NA
564,1603010086,LORETO,LORETO,NAUTA,-73.82462167,-4.65539667,78,20 DE ENERO,0,0,0,NA
565,1603010087,LORETO,LORETO,NAUTA,-73.83604667,-4.65583,112,BUENOS AIRES,0,0,0,NA
566,1603010088,LORETO,LORETO,NAUTA,-73.899055,-4.62394,39,AREQUIPA,0,0,0,NA
567,1603010090,LORETO,LORETO,NAUTA,-73.98375667,-4.74673333,80,YARINA,1,2,1,100
568,1603010099,LORETO,LORETO,NAUTA,-73.55276,-4.35699667,183,1 DE FEBRERO,1,0,-1,-100
569,1603010100,LORETO,LORETO,NAUTA,-73.52786,-4.459115,177,AMAZONAS,0,0,0,NA
570,1603010101,LORETO,LORETO,NAUTA,-73.53846167,-4.47170167,64,PUERTO PRADO,0,0,0,NA
571,1603010102,LORETO,LORETO,NAUTA,-73.807295,-4.649025,35,BELLO HORIZONTE,0,0,0,NA
572,1603010103,LORETO,LORETO,NAUTA,-74.156165,-4.47893333,61,LIBERTAD DE CHOROYACU,0,0,0,NA
573,1603010104,LORETO,LORETO,NAUTA,-74.06161333,-4.51167833,102,NUEVO MIRAFLORES I ZONA,0,0,0,NA
574,1603010105,LORETO,LORETO,NAUTA,-73.79399167,-4.618405,38,SANTA ROSA DE TIPISHCA,0,0,0,NA
575,1605070001,LORETO,REQUENA,SAQUENA,-73.53312435,-4.72506402,1089,BAGAZAN,3,4,1,33.33333333
576,1605070002,LORETO,REQUENA,SAQUENA,-73.44273824,-4.45111172,72,MARISCAL CASTILLA,0,0,0,NA
577,1605070003,LORETO,REQUENA,SAQUENA,-73.42244333,-4.50634667,79,VISTA ALEGRE,2,0,-2,-100
578,1605070004,LORETO,REQUENA,SAQUENA,-73.454675,-4.513115,55,SAN JOSE DE PARANAPURA,0,0,0,NA
579,1605070005,LORETO,REQUENA,SAQUENA,-73.45642833,-4.530865,170,LIBERTAD,0,0,0,NA
580,1605070006,LORETO,REQUENA,SAQUENA,-73.50632333,-4.55649,104,NUEVO YUCURUCHI,1,0,-1,-100
581,1605070007,LORETO,REQUENA,SAQUENA,-73.519665,-4.596255,43,28 DE JULIO,0,0,0,NA
582,1605070008,LORETO,REQUENA,SAQUENA,-73.52218667,-4.60691,167,EL SOL,0,0,0,NA
583,1605070009,LORETO,REQUENA,SAQUENA,-73.548645,-4.64366667,52,TIBI PLAYA II ZONA,0,0,0,NA
584,1605070010,LORETO,REQUENA,SAQUENA,-73.552725,-4.665625,266,CAPITAN CLAVERO,0,0,0,NA
585,1605070011,LORETO,REQUENA,SAQUENA,-73.549385,-4.66569667,96,TIBI PLAYA I ZONA,0,0,0,NA
586,1605070012,LORETO,REQUENA,SAQUENA,-73.54675833,-4.7192,179,CHINGANA,0,0,0,NA
587,1605070013,LORETO,REQUENA,SAQUENA,-73.60532167,-4.72056833,19,HUACARAYCO,0,0,0,NA
588,1605070014,LORETO,REQUENA,SAQUENA,-73.62571833,-4.76807667,360,SAPUENA,0,3,3,Inf
589,1605070015,LORETO,REQUENA,SAQUENA,-73.59599,-4.77070833,284,FLOR DE CASTAÑA,0,0,0,NA
590,1605070016,LORETO,REQUENA,SAQUENA,-73.64365833,-4.77644167,73,JORGE CHAVEZ,0,0,0,NA
591,1605070017,LORETO,REQUENA,SAQUENA,-73.43465833,-4.53438,257,PUERTO MIGUEL,0,0,0,NA
